-- phpMyAdmin SQL Dump
-- version 4.8.3
-- https://www.phpmyadmin.net/
--
-- Hôte : localhost
-- Généré le :  Dim 18 nov. 2018 à 10:11
-- Version du serveur :  10.1.35-MariaDB
-- Version de PHP :  7.2.9

SET SQL_MODE = "NO_AUTO_VALUE_ON_ZERO";
SET AUTOCOMMIT = 0;
START TRANSACTION;
SET time_zone = "+00:00";


/*!40101 SET @OLD_CHARACTER_SET_CLIENT=@@CHARACTER_SET_CLIENT */;
/*!40101 SET @OLD_CHARACTER_SET_RESULTS=@@CHARACTER_SET_RESULTS */;
/*!40101 SET @OLD_COLLATION_CONNECTION=@@COLLATION_CONNECTION */;
/*!40101 SET NAMES utf8mb4 */;

--
-- Base de données :  `Restful`
--

-- --------------------------------------------------------

--
-- Structure de la table `migrations`
--

CREATE TABLE `migrations` (
  `id` int(10) UNSIGNED NOT NULL,
  `migration` varchar(255) COLLATE utf8mb4_unicode_ci NOT NULL,
  `batch` int(11) NOT NULL
) ENGINE=InnoDB DEFAULT CHARSET=utf8mb4 COLLATE=utf8mb4_unicode_ci;

--
-- Déchargement des données de la table `migrations`
--

INSERT INTO `migrations` (`id`, `migration`, `batch`) VALUES
(1, '2014_10_12_000000_create_users_table', 1),
(2, '2014_10_12_100000_create_password_resets_table', 1),
(3, '2018_11_17_104948_create_products_table', 1),
(4, '2018_11_17_105005_create_reviews_table', 1);

-- --------------------------------------------------------

--
-- Structure de la table `password_resets`
--

CREATE TABLE `password_resets` (
  `email` varchar(255) COLLATE utf8mb4_unicode_ci NOT NULL,
  `token` varchar(255) COLLATE utf8mb4_unicode_ci NOT NULL,
  `created_at` timestamp NULL DEFAULT NULL
) ENGINE=InnoDB DEFAULT CHARSET=utf8mb4 COLLATE=utf8mb4_unicode_ci;

-- --------------------------------------------------------

--
-- Structure de la table `products`
--

CREATE TABLE `products` (
  `id` int(10) UNSIGNED NOT NULL,
  `name` varchar(255) COLLATE utf8mb4_unicode_ci NOT NULL,
  `detail` text COLLATE utf8mb4_unicode_ci NOT NULL,
  `price` int(11) NOT NULL,
  `stock` int(11) NOT NULL,
  `discount` int(11) NOT NULL,
  `created_at` timestamp NULL DEFAULT NULL,
  `updated_at` timestamp NULL DEFAULT NULL
) ENGINE=InnoDB DEFAULT CHARSET=utf8mb4 COLLATE=utf8mb4_unicode_ci;

--
-- Déchargement des données de la table `products`
--

INSERT INTO `products` (`id`, `name`, `detail`, `price`, `stock`, `discount`, `created_at`, `updated_at`) VALUES
(1, 'a', 'Nihil in dolor quia vero sed in possimus. Voluptas accusantium magnam et numquam et eum vitae. Placeat esse ea molestiae.', 834, 1, 536, '2018-11-18 08:06:55', '2018-11-18 08:06:55'),
(2, 'eos', 'Quis repellendus molestiae aut. Et repellendus reiciendis ut nostrum doloribus rem omnis. Earum ut iste dicta temporibus sed aut esse.', 467, 3, 520, '2018-11-18 08:06:55', '2018-11-18 08:06:55'),
(3, 'quia', 'Reiciendis voluptatem nam assumenda fugiat. Quia corrupti quia consequatur doloribus ratione et. Perferendis aperiam cumque doloremque esse laboriosam nesciunt odit amet. Iusto animi aut inventore repellat at.', 275, 2, 601, '2018-11-18 08:06:55', '2018-11-18 08:06:55'),
(4, 'non', 'Accusamus aut repudiandae qui minus veritatis officiis. Sit consequatur repellendus ut voluptates id non et. Repudiandae et qui ipsam eum est assumenda. Aut qui repudiandae necessitatibus voluptatem in.', 176, 3, 216, '2018-11-18 08:06:55', '2018-11-18 08:06:55'),
(5, 'nesciunt', 'Eum in aut architecto deleniti nihil enim repellat. Magnam velit autem eius numquam. Totam eligendi et molestiae eum laudantium et facilis sapiente.', 449, 9, 816, '2018-11-18 08:06:55', '2018-11-18 08:06:55'),
(6, 'vitae', 'Odit nostrum beatae aut quisquam magni. Alias nihil cupiditate quia non quos autem. Rem saepe sit quod animi dolorum corrupti eaque sit. Cupiditate animi vel ex animi aut aliquam et enim. Et minus porro expedita beatae non ex laudantium sit.', 358, 3, 508, '2018-11-18 08:06:55', '2018-11-18 08:06:55'),
(7, 'est', 'Officiis ut totam beatae non qui vero voluptatem non. Rem et id atque fuga doloribus ut non laboriosam. Eum occaecati quasi molestiae voluptas eius est vitae. Velit dolores voluptas at culpa possimus voluptatem eos dolore.', 134, 5, 614, '2018-11-18 08:06:55', '2018-11-18 08:06:55'),
(8, 'possimus', 'Quo eos sit repellat nesciunt exercitationem eligendi at. Quibusdam incidunt et distinctio in qui. Corrupti dolores quia et aut.', 580, 6, 310, '2018-11-18 08:06:55', '2018-11-18 08:06:55'),
(9, 'facere', 'Placeat iste voluptate blanditiis. Hic quia voluptatem dicta eveniet tempora quia rerum. Dolor atque accusantium esse voluptatibus odit molestiae nulla. Labore voluptatibus dolores vel dolor nobis.', 153, 8, 989, '2018-11-18 08:06:55', '2018-11-18 08:06:55'),
(10, 'delectus', 'Qui sunt quod et vero provident nesciunt quam. Sunt dignissimos rerum exercitationem.', 409, 9, 100, '2018-11-18 08:06:55', '2018-11-18 08:06:55'),
(11, 'voluptatum', 'Dolore voluptates occaecati nobis porro non fuga. Laboriosam voluptates ut in earum sed. Et eos velit et non. Suscipit commodi a neque alias magnam.', 234, 3, 464, '2018-11-18 08:06:55', '2018-11-18 08:06:55'),
(12, 'totam', 'Labore voluptatem qui suscipit. Asperiores asperiores quia accusantium similique perferendis. Esse est soluta dolore earum. Dignissimos qui tempore voluptas deleniti voluptatem sint reiciendis et.', 168, 0, 463, '2018-11-18 08:06:55', '2018-11-18 08:06:55'),
(13, 'ut', 'Omnis in a ullam enim id. Et ut culpa maxime id maiores. Consectetur cupiditate quod deserunt repudiandae inventore. Hic quidem quisquam odio reprehenderit.', 103, 2, 282, '2018-11-18 08:06:55', '2018-11-18 08:06:55'),
(14, 'consequuntur', 'Id modi laborum magnam maxime ut tempora velit. Ducimus sunt eum non rerum aut. Veniam assumenda numquam qui fugiat.', 154, 6, 662, '2018-11-18 08:06:55', '2018-11-18 08:06:55'),
(15, 'ex', 'Eveniet esse et consequatur culpa praesentium consequuntur adipisci non. Quos facilis qui aliquam non qui aut error aspernatur. Non maxime porro et omnis exercitationem consectetur aspernatur.', 389, 0, 594, '2018-11-18 08:06:55', '2018-11-18 08:06:55'),
(16, 'occaecati', 'Rerum sunt error rerum veniam repellendus. Culpa inventore provident quo debitis autem totam. Cum reiciendis officiis labore quaerat vero harum.', 245, 4, 404, '2018-11-18 08:06:55', '2018-11-18 08:06:55'),
(17, 'laborum', 'Quidem consequatur cum facilis voluptatibus qui et repellat. Consequatur omnis voluptas provident ipsum qui repellat atque. Eum a quisquam sint eos provident quasi.', 876, 5, 717, '2018-11-18 08:06:55', '2018-11-18 08:06:55'),
(18, 'neque', 'Suscipit voluptatem impedit perspiciatis sapiente perferendis perspiciatis. Ut facilis molestiae consequatur quis quisquam quia quod. Enim magnam adipisci ea dolorem sunt eum. Quo perspiciatis dolores architecto.', 874, 0, 792, '2018-11-18 08:06:55', '2018-11-18 08:06:55'),
(19, 'molestias', 'Assumenda enim eos ullam excepturi. Et impedit sunt est temporibus occaecati ipsum necessitatibus. Veniam cupiditate sint vitae sequi iusto.', 205, 6, 647, '2018-11-18 08:06:55', '2018-11-18 08:06:55'),
(20, 'quia', 'Impedit assumenda id et et nisi. Molestiae asperiores nisi quam perspiciatis laboriosam. Voluptatem voluptatem accusantium nihil delectus doloribus. Sint aut consequatur eos ut numquam in.', 920, 0, 677, '2018-11-18 08:06:55', '2018-11-18 08:06:55'),
(21, 'officia', 'Nihil blanditiis consequatur sint et. Architecto reiciendis repellat quibusdam ex reiciendis a hic. Dolor vel dolores voluptatem. Sunt voluptates rerum consequatur.', 149, 4, 818, '2018-11-18 08:06:55', '2018-11-18 08:06:55'),
(22, 'repellat', 'Dolorem ipsam beatae iste quis possimus vel est. Aspernatur dolorem nostrum necessitatibus harum necessitatibus provident. Atque facere quos sit temporibus.', 498, 0, 806, '2018-11-18 08:06:55', '2018-11-18 08:06:55'),
(23, 'nisi', 'Dolores consequuntur non mollitia beatae. Quis vel quae veritatis eligendi. Assumenda molestias rerum dolor iste ut impedit. Non totam dolor sequi natus itaque.', 462, 6, 417, '2018-11-18 08:06:55', '2018-11-18 08:06:55'),
(24, 'voluptatem', 'Vel odio aperiam odio excepturi. Facere magnam earum nulla ut. Sunt accusantium totam praesentium nihil. Aperiam natus quia officiis debitis est id autem rerum.', 323, 4, 575, '2018-11-18 08:06:55', '2018-11-18 08:06:55'),
(25, 'praesentium', 'Qui sint tempora assumenda voluptas sit. Magnam enim recusandae voluptatem quia et consectetur cupiditate. Eaque non et aut. Iusto ab deserunt inventore eum accusantium voluptatem.', 623, 4, 867, '2018-11-18 08:06:55', '2018-11-18 08:06:55'),
(26, 'delectus', 'Veritatis non aut unde magnam quia repudiandae adipisci. Ut vel quo voluptatum labore possimus. Excepturi non nobis in quo eum.', 914, 8, 234, '2018-11-18 08:06:55', '2018-11-18 08:06:55'),
(27, 'doloremque', 'Laboriosam nam omnis cumque nobis ad culpa. Voluptas ab ut earum soluta quasi. Aliquid et voluptatem est libero vero et. Corrupti architecto doloremque corporis facere molestiae et.', 262, 2, 620, '2018-11-18 08:06:55', '2018-11-18 08:06:55'),
(28, 'esse', 'Qui quia deserunt harum dicta est. Ab repellat minus consequatur voluptatem. Sint quam eveniet nemo voluptate nobis aut odit. Tempora ut adipisci consectetur enim.', 730, 0, 784, '2018-11-18 08:06:55', '2018-11-18 08:06:55'),
(29, 'et', 'Enim corporis atque accusamus facilis quibusdam. Amet assumenda qui delectus veniam sit at. Tempore quis voluptatem libero sunt.', 222, 5, 691, '2018-11-18 08:06:55', '2018-11-18 08:06:55'),
(30, 'ad', 'Nulla et est molestiae atque. Quod nihil quaerat excepturi et temporibus maxime. Omnis consequatur nulla quia commodi sapiente vitae laboriosam.', 926, 5, 313, '2018-11-18 08:06:55', '2018-11-18 08:06:55'),
(31, 'provident', 'Rerum maxime dolores porro dolorem fugit. Culpa neque iusto aspernatur rem nihil. Quia ducimus dignissimos et molestiae qui magnam.', 183, 9, 465, '2018-11-18 08:06:55', '2018-11-18 08:06:55'),
(32, 'inventore', 'Voluptatem nam neque occaecati possimus non autem dolorum. Et dolorem voluptate animi. Aut voluptatibus quod saepe assumenda. Voluptatibus doloribus magni omnis commodi expedita sunt labore.', 129, 0, 140, '2018-11-18 08:06:55', '2018-11-18 08:06:55'),
(33, 'est', 'Officia est neque quasi quisquam impedit fugit soluta qui. Iure dolorem sed inventore ex minus praesentium. Exercitationem alias enim delectus nesciunt deleniti eos. Explicabo voluptas sit aut autem.', 411, 1, 919, '2018-11-18 08:06:55', '2018-11-18 08:06:55'),
(34, 'quam', 'Est et iste odit id aut omnis eos. Eum consequatur aut nisi qui magnam cum rem dolorem. Voluptas et minima dolorem aut porro et. Tenetur ipsum natus qui laboriosam.', 135, 0, 305, '2018-11-18 08:06:55', '2018-11-18 08:06:55'),
(35, 'temporibus', 'Vel tempore natus dolorem sint aliquid. Sequi dolorem quas ullam explicabo accusantium. Est nemo vel doloribus quis accusantium quae et.', 208, 7, 211, '2018-11-18 08:06:55', '2018-11-18 08:06:55'),
(36, 'modi', 'In voluptates voluptas in placeat. Possimus dignissimos cupiditate similique maxime aut ut. Cum omnis quam odio nesciunt laboriosam velit.', 988, 9, 774, '2018-11-18 08:06:55', '2018-11-18 08:06:55'),
(37, 'et', 'Quas rerum rerum temporibus consequatur quam adipisci placeat ut. Corrupti quos aut dolorem ipsum consequatur vel. Ad reprehenderit molestiae rerum in voluptatem. Ipsam vitae nulla sint.', 276, 9, 710, '2018-11-18 08:06:55', '2018-11-18 08:06:55'),
(38, 'natus', 'Fuga iusto id est voluptatem excepturi cum. Et ducimus nisi quae animi officia. Rerum aut mollitia magni adipisci voluptas.', 271, 3, 309, '2018-11-18 08:06:55', '2018-11-18 08:06:55'),
(39, 'exercitationem', 'Voluptatem mollitia exercitationem dicta illum velit totam quod. Est eos nam ipsa officia eveniet ut eaque dolorum. Ut voluptatibus voluptas dicta molestiae ipsam porro vel fugit.', 408, 8, 491, '2018-11-18 08:06:55', '2018-11-18 08:06:55'),
(40, 'velit', 'In veritatis iste enim est perspiciatis non quae. Et perspiciatis atque excepturi praesentium id. Molestiae harum eius explicabo dolores sed dolor.', 405, 6, 366, '2018-11-18 08:06:55', '2018-11-18 08:06:55'),
(41, 'quia', 'Et quis esse temporibus ullam in. Libero libero ut blanditiis voluptatem sunt commodi hic. Mollitia temporibus ducimus enim nulla qui error. Iure esse asperiores quasi temporibus voluptatibus quia. Accusantium earum praesentium ex molestiae architecto eaque ea eaque.', 675, 9, 390, '2018-11-18 08:06:55', '2018-11-18 08:06:55'),
(42, 'ut', 'Numquam ea ad modi. Velit ratione quo aut quae aliquam quam. Perferendis et dicta quia libero eum sit. Mollitia ut labore voluptatum nisi perspiciatis similique.', 873, 8, 327, '2018-11-18 08:06:55', '2018-11-18 08:06:55'),
(43, 'est', 'Nisi aspernatur eveniet est. Quisquam nemo aliquid in consequatur similique rem. Quae possimus ad consequatur saepe rerum qui fugit. Ducimus maxime perferendis et hic mollitia.', 222, 4, 692, '2018-11-18 08:06:55', '2018-11-18 08:06:55'),
(44, 'aut', 'Saepe eius dolores iusto in numquam. Sequi dolores qui harum. Commodi voluptas rerum necessitatibus et pariatur. Exercitationem id fugit aperiam illo voluptatem eligendi maiores sed.', 766, 8, 724, '2018-11-18 08:06:55', '2018-11-18 08:06:55'),
(45, 'consequatur', 'Nesciunt reiciendis atque veniam ex qui. Tenetur ab non unde. Minima suscipit pariatur non eligendi fuga officia nam magnam. Magnam omnis incidunt ipsum aut similique velit.', 869, 2, 290, '2018-11-18 08:06:55', '2018-11-18 08:06:55'),
(46, 'veritatis', 'Sint ut rem dignissimos dignissimos. Dolorem ut omnis et. Omnis accusantium rem repudiandae velit.', 502, 5, 552, '2018-11-18 08:06:55', '2018-11-18 08:06:55'),
(47, 'possimus', 'Voluptatem quam explicabo recusandae. In ipsa dolore omnis debitis dolor soluta. Enim veniam numquam occaecati dolore doloremque numquam perferendis.', 820, 5, 830, '2018-11-18 08:06:55', '2018-11-18 08:06:55'),
(48, 'corporis', 'Laboriosam dolor aut eos. Qui delectus et aspernatur modi animi quis. Qui quaerat quo dolor sit consequatur maxime. Sed eos ex non quia nihil nulla non reprehenderit.', 607, 8, 135, '2018-11-18 08:06:55', '2018-11-18 08:06:55'),
(49, 'cupiditate', 'Praesentium qui ipsam omnis et quasi laudantium. Maxime perferendis qui sit repellat sunt qui culpa. Quia error aspernatur minus a sint quasi.', 746, 6, 593, '2018-11-18 08:06:55', '2018-11-18 08:06:55'),
(50, 'et', 'Eveniet qui quo non aliquid ullam natus expedita minus. Ipsam fuga et commodi sunt. Consequuntur non doloribus ut minus rerum cumque.', 868, 2, 339, '2018-11-18 08:06:55', '2018-11-18 08:06:55');

-- --------------------------------------------------------

--
-- Structure de la table `reviews`
--

CREATE TABLE `reviews` (
  `id` int(10) UNSIGNED NOT NULL,
  `product_id` int(10) UNSIGNED NOT NULL,
  `customer` varchar(255) COLLATE utf8mb4_unicode_ci NOT NULL,
  `review` text COLLATE utf8mb4_unicode_ci NOT NULL,
  `star` int(11) NOT NULL,
  `created_at` timestamp NULL DEFAULT NULL,
  `updated_at` timestamp NULL DEFAULT NULL
) ENGINE=InnoDB DEFAULT CHARSET=utf8mb4 COLLATE=utf8mb4_unicode_ci;

--
-- Déchargement des données de la table `reviews`
--

INSERT INTO `reviews` (`id`, `product_id`, `customer`, `review`, `star`, `created_at`, `updated_at`) VALUES
(1, 19, 'Hiram Franecki', 'Illo quos rerum non corrupti. Reprehenderit quis esse sunt quo sequi. Vero aut optio quibusdam perspiciatis deleniti. Incidunt occaecati vitae quod officia est minima. Aut natus nesciunt modi consequatur voluptate est.', 2, '2018-11-18 08:06:55', '2018-11-18 08:06:55'),
(2, 23, 'Jazlyn Barton', 'Quibusdam dolor dolores ut pariatur occaecati sit ab culpa. Veniam eius voluptatem consectetur temporibus. Natus placeat dolores nam eos sit sint nisi.', 3, '2018-11-18 08:06:55', '2018-11-18 08:06:55'),
(3, 36, 'Franz Becker Jr.', 'Soluta placeat voluptas unde vel. Officiis animi est quibusdam aut quo et.', 3, '2018-11-18 08:06:55', '2018-11-18 08:06:55'),
(4, 26, 'Mr. Candido Price PhD', 'Aspernatur unde eius quas dicta. Inventore facere voluptas autem nam a quia. Enim a praesentium nemo nesciunt corrupti ut.', 3, '2018-11-18 08:06:55', '2018-11-18 08:06:55'),
(5, 3, 'Maxwell Murray', 'Voluptatem laborum quam consequuntur maxime minima qui deleniti. Veritatis ipsam qui et et quia ea consequatur. Voluptatem nisi et dolor illum.', 2, '2018-11-18 08:06:55', '2018-11-18 08:06:55'),
(6, 28, 'Nakia Cassin IV', 'Aliquid laudantium eius numquam rerum. Aut ut iure et neque exercitationem quo voluptas. Non numquam ut facere provident dolorem atque.', 2, '2018-11-18 08:06:55', '2018-11-18 08:06:55'),
(7, 3, 'Caleigh Huels', 'Vel corporis ipsam reiciendis id. Eum quibusdam rerum ex nemo. Dolores dolorum ut dicta est illo praesentium. Nobis qui voluptas reprehenderit necessitatibus.', 2, '2018-11-18 08:06:55', '2018-11-18 08:06:55'),
(8, 12, 'Cullen Pacocha IV', 'Voluptatem enim cupiditate libero nobis consequatur porro nam. Nobis expedita magnam ad culpa distinctio. Sunt aut exercitationem consectetur non necessitatibus perferendis fugiat. Maiores dicta quod quaerat fugit est error dolores iste.', 3, '2018-11-18 08:06:55', '2018-11-18 08:06:55'),
(9, 45, 'Jameson Hagenes', 'Dolore ullam repellendus accusamus quis ipsam. Eaque corporis quod sapiente beatae. Unde est ab sed consectetur minus sequi.', 1, '2018-11-18 08:06:55', '2018-11-18 08:06:55'),
(10, 31, 'Dr. Reese Parisian', 'Dignissimos laborum esse ut quasi voluptatem. Tempora exercitationem numquam hic. Saepe et et eaque alias totam.', 3, '2018-11-18 08:06:55', '2018-11-18 08:06:55'),
(11, 16, 'Prof. Sasha Howell II', 'Consequatur ea qui nobis qui soluta error. Est recusandae fugit iste nemo eligendi.', 4, '2018-11-18 08:06:55', '2018-11-18 08:06:55'),
(12, 12, 'Gunnar Kris', 'Qui enim architecto voluptatem numquam. Dolorem nihil consequatur corporis et dolores et. Nisi eveniet iusto saepe rerum a fugit.', 5, '2018-11-18 08:06:55', '2018-11-18 08:06:55'),
(13, 49, 'Millie Gusikowski', 'Similique esse numquam voluptatum eligendi totam. Id nihil deserunt dolor rerum tempora error. Soluta ab ut qui magni inventore quod hic.', 3, '2018-11-18 08:06:55', '2018-11-18 08:06:55'),
(14, 27, 'Dr. Hobart Bednar MD', 'Qui possimus nam dolor voluptatem est blanditiis eos. Harum voluptatem impedit incidunt consequatur numquam explicabo. Illo consequatur rem vel vitae. Deleniti animi voluptates at distinctio.', 3, '2018-11-18 08:06:55', '2018-11-18 08:06:55'),
(15, 49, 'Hollis Durgan', 'Explicabo quisquam amet officiis. Explicabo dolorem dolore et at voluptatem exercitationem. Neque vel deleniti deserunt est est corporis. Adipisci ut ad vel sed earum pariatur in. Ut debitis modi natus dolore et optio.', 1, '2018-11-18 08:06:55', '2018-11-18 08:06:55'),
(16, 9, 'Crawford Gerlach', 'Sequi vitae nulla perferendis sint id rerum quae. Voluptatem enim quis molestias consequuntur facere. Ut odio quia qui accusamus.', 2, '2018-11-18 08:06:55', '2018-11-18 08:06:55'),
(17, 41, 'Dr. Arnoldo Halvorson II', 'Maxime molestias maiores maiores et. Voluptatum consequatur eum laborum doloremque. Ducimus placeat omnis dolor sit odio veritatis mollitia. Reprehenderit maiores assumenda deleniti ullam in suscipit sint. Tenetur labore dolore atque deleniti.', 5, '2018-11-18 08:06:55', '2018-11-18 08:06:55'),
(18, 20, 'Alanna Kassulke', 'Et et ut quae vel aliquam eum necessitatibus odit. Vero esse nostrum qui odit veniam ut laborum. Mollitia sed omnis cupiditate labore quia laudantium.', 2, '2018-11-18 08:06:55', '2018-11-18 08:06:55'),
(19, 5, 'Prof. Adrian Windler III', 'Tenetur ipsam nostrum itaque maiores fugit. Ad odit in officia rerum laudantium autem nihil. Beatae modi maiores sed inventore tempore. Consequatur blanditiis voluptas molestiae nisi qui. Quas tenetur quia molestias est.', 4, '2018-11-18 08:06:55', '2018-11-18 08:06:55'),
(20, 18, 'Marco Dickinson', 'Est minima eius aliquam aliquam sit. Nihil voluptas est quia libero. Quia repellendus perferendis ut iusto at suscipit. Excepturi omnis minima omnis quia quisquam.', 1, '2018-11-18 08:06:56', '2018-11-18 08:06:56'),
(21, 13, 'Wilfred Jones', 'Vel quasi dolore eum laudantium quam dolores. Aliquam quia vel maiores et earum. Sunt expedita mollitia nihil accusamus enim. Quasi tempore repudiandae veniam et provident.', 1, '2018-11-18 08:06:56', '2018-11-18 08:06:56'),
(22, 30, 'Carmelo Gutkowski', 'Omnis sequi enim quasi. Ea laborum nostrum sit non autem asperiores. Delectus asperiores sed est eum molestias maiores. Exercitationem occaecati debitis et quibusdam repellendus laudantium et.', 3, '2018-11-18 08:06:56', '2018-11-18 08:06:56'),
(23, 42, 'Kallie Mann V', 'Dolores id eos eius. Ut perferendis sed esse dolore corporis. Expedita dolorem beatae quia amet.', 2, '2018-11-18 08:06:56', '2018-11-18 08:06:56'),
(24, 40, 'Jamarcus Gaylord', 'Quo velit praesentium porro vel vel mollitia. Mollitia quia alias fugit qui optio accusantium. Dignissimos omnis quidem eligendi quam aut quia. Quia excepturi voluptatem repellat ad.', 1, '2018-11-18 08:06:56', '2018-11-18 08:06:56'),
(25, 39, 'Spencer Howe', 'Et dolores dolorum cupiditate nihil. Enim eos vitae omnis sequi accusamus nihil quo. Quae veniam nobis velit ut ipsam. Labore aut vel alias. Aut minima occaecati laborum.', 3, '2018-11-18 08:06:56', '2018-11-18 08:06:56'),
(26, 40, 'Miss Jacynthe Cronin', 'Aut quis pariatur tempora quo. Ea et recusandae quas atque qui ex quidem. Aut accusamus esse laudantium sint.', 1, '2018-11-18 08:06:56', '2018-11-18 08:06:56'),
(27, 34, 'Tremayne Quigley II', 'Assumenda natus perferendis pariatur commodi. Autem ad corporis sed reiciendis sed. Quis impedit blanditiis fugiat beatae repellendus omnis. Nisi amet hic eum cupiditate deleniti.', 3, '2018-11-18 08:06:56', '2018-11-18 08:06:56'),
(28, 1, 'Matteo Kuphal DVM', 'Et mollitia sequi occaecati qui necessitatibus reprehenderit. Et tempora esse dolore ab cumque. Dolores deleniti perspiciatis ex alias quos ab. Officia ut distinctio ipsam repellat.', 2, '2018-11-18 08:06:56', '2018-11-18 08:06:56'),
(29, 5, 'Regan DuBuque', 'Expedita illo modi velit hic non accusamus. Maxime quae nulla quaerat pariatur harum. Et omnis alias iste ex.', 3, '2018-11-18 08:06:56', '2018-11-18 08:06:56'),
(30, 27, 'Dr. Marques Kiehn', 'Cupiditate explicabo dolore et est veritatis dolor. Reiciendis occaecati adipisci dolores nesciunt. Harum vel enim distinctio ea voluptates quae.', 5, '2018-11-18 08:06:56', '2018-11-18 08:06:56'),
(31, 11, 'Torey Weimann III', 'Sint expedita cum nobis facilis labore consequatur qui. Earum ut est blanditiis ad voluptate fugit. Numquam est illum qui.', 2, '2018-11-18 08:06:56', '2018-11-18 08:06:56'),
(32, 47, 'Cordie Gorczany', 'Voluptatem debitis fugit consequatur harum consequuntur possimus. Et aut modi aliquid eum quis non ullam. Eos alias ratione consequatur nihil fugiat eos. Asperiores cum ut quia nostrum unde sit a.', 3, '2018-11-18 08:06:56', '2018-11-18 08:06:56'),
(33, 29, 'Jaquelin Kub', 'Perferendis sint ex qui magni iure dolores sit. Nisi quis eligendi ut. Suscipit exercitationem mollitia adipisci unde rerum velit voluptatem a. Animi dignissimos dolor ducimus ea qui aut animi.', 5, '2018-11-18 08:06:56', '2018-11-18 08:06:56'),
(34, 50, 'Niko Glover', 'Dolore possimus accusantium eos voluptas culpa. Optio necessitatibus necessitatibus aut sed molestiae. Distinctio reiciendis totam qui reiciendis deserunt.', 5, '2018-11-18 08:06:56', '2018-11-18 08:06:56'),
(35, 17, 'Prof. Marjorie Legros', 'Quam ut veniam deleniti numquam. Consequuntur sunt doloribus est dignissimos molestiae impedit et fugit. Tempora quis magnam ad. Fugiat et tempora animi quos nesciunt est ut sequi.', 3, '2018-11-18 08:06:56', '2018-11-18 08:06:56'),
(36, 18, 'Mr. Napoleon Ankunding IV', 'Cupiditate tempora possimus ex eveniet molestias aperiam. Repellendus et deleniti vel quo aliquid. Ipsam soluta quis voluptatem et eos. Dolor consectetur ad possimus impedit sint.', 2, '2018-11-18 08:06:56', '2018-11-18 08:06:56'),
(37, 46, 'Harry Wehner', 'Vel quo sed occaecati qui aut. Aut magni rem eum quos qui exercitationem. Animi ut labore explicabo reiciendis dolores non.', 3, '2018-11-18 08:06:56', '2018-11-18 08:06:56'),
(38, 14, 'Gregoria Hand PhD', 'Ut quam et et iusto repellat. Maiores doloremque autem voluptatibus iste. Odio temporibus sed voluptatem. Earum nisi neque culpa velit deserunt excepturi. Explicabo tempora qui esse quas explicabo temporibus.', 4, '2018-11-18 08:06:56', '2018-11-18 08:06:56'),
(39, 40, 'Mckayla Conroy', 'Consectetur voluptatem suscipit quaerat accusantium eum quaerat ut perferendis. Sint officiis beatae laudantium maxime iure illo sint rerum. Corrupti quo mollitia aut quod sunt quis ullam. Molestiae est iste fugiat in.', 3, '2018-11-18 08:06:56', '2018-11-18 08:06:56'),
(40, 14, 'Rhea Donnelly', 'Rerum vero enim occaecati rerum et quam. Ut est sint qui et tempora.', 5, '2018-11-18 08:06:56', '2018-11-18 08:06:56'),
(41, 4, 'Marlee Lesch', 'Omnis animi omnis labore voluptas sint qui. Nisi velit molestiae ut voluptas voluptatibus quasi nostrum. Aliquid ut aspernatur natus omnis. Deleniti porro et qui laborum id neque harum aperiam. Rerum repudiandae impedit facere neque recusandae.', 1, '2018-11-18 08:06:56', '2018-11-18 08:06:56'),
(42, 48, 'Armand Ratke', 'Itaque itaque doloremque sed sed autem ratione pariatur. Rerum recusandae harum cum minima voluptas sed porro. Molestiae enim tempora sit quasi quis provident quasi iste. Eveniet totam neque et sit id labore excepturi.', 2, '2018-11-18 08:06:56', '2018-11-18 08:06:56'),
(43, 41, 'Eliza Little', 'Voluptas doloribus et commodi omnis. Et qui maiores provident est et. Quod rerum sapiente et doloribus. Illum et et unde minima velit.', 5, '2018-11-18 08:06:56', '2018-11-18 08:06:56'),
(44, 22, 'Rosie Vandervort DVM', 'Quidem sed est in quos asperiores. Voluptatem qui enim et quasi. Ut numquam explicabo corporis.', 5, '2018-11-18 08:06:56', '2018-11-18 08:06:56'),
(45, 31, 'Giuseppe Weissnat', 'Est neque provident omnis quis qui. Incidunt nemo ut officia in rerum. Iure laudantium sit aut atque sed.', 3, '2018-11-18 08:06:56', '2018-11-18 08:06:56'),
(46, 14, 'Dagmar Jacobi IV', 'Iusto sunt rerum aut maiores aliquid dicta. Libero dolores omnis officiis ut. Et ut rerum sit consequatur. Hic soluta beatae officiis dolorum nam. Molestiae non quis aut cumque eius.', 2, '2018-11-18 08:06:56', '2018-11-18 08:06:56'),
(47, 15, 'Alfredo Quigley II', 'Enim labore quibusdam voluptatum enim. Minima iure in eum et tempore et. Velit iure ut iusto. Iusto dolorem voluptates facilis expedita illo repellat.', 4, '2018-11-18 08:06:56', '2018-11-18 08:06:56'),
(48, 27, 'Miss Wanda Bashirian', 'Molestias aut voluptatem quas. Ea ipsa qui nam consequuntur magni rerum. Nesciunt maxime a sint non voluptatem.', 3, '2018-11-18 08:06:56', '2018-11-18 08:06:56'),
(49, 11, 'Prof. Lisette Stamm DVM', 'Ducimus dolorem libero rerum minima laboriosam. Occaecati non quas autem sint rerum eum. Qui dolore iure eaque rem. Ducimus voluptatibus quos non libero nihil voluptatem.', 1, '2018-11-18 08:06:56', '2018-11-18 08:06:56'),
(50, 48, 'Fleta McClure', 'Non impedit id nihil quos natus velit consequatur. Odio ad facilis nisi rerum distinctio debitis eius. Quo cupiditate labore qui voluptatem consequatur ab dolor. Maxime perferendis reprehenderit provident ut.', 1, '2018-11-18 08:06:56', '2018-11-18 08:06:56'),
(51, 7, 'Dr. June Greenholt', 'Doloribus assumenda velit voluptatibus velit ratione est et rerum. Voluptatem quisquam illo ipsa dolorem est ut. Accusantium iure fugiat voluptatibus qui ipsum fugit minus.', 1, '2018-11-18 08:06:56', '2018-11-18 08:06:56'),
(52, 34, 'Mr. Jayson O\'Conner III', 'Omnis aut sint officia voluptatem. Eos expedita odit eum natus expedita occaecati. Ut similique amet aut explicabo.', 4, '2018-11-18 08:06:56', '2018-11-18 08:06:56'),
(53, 43, 'Dr. Kaylah Lehner DVM', 'Occaecati qui porro quos et. Dolorum hic sunt laborum inventore magni. Sunt iste quae quisquam dolores nihil.', 2, '2018-11-18 08:06:56', '2018-11-18 08:06:56'),
(54, 45, 'Cathy Johns', 'Enim aut voluptatem molestiae soluta dolorem. Soluta facilis aut ea at. Nisi sint atque officiis excepturi ipsam. Omnis odio fuga cumque quis libero eos ut exercitationem. Et perferendis voluptas non laborum nobis.', 1, '2018-11-18 08:06:56', '2018-11-18 08:06:56'),
(55, 21, 'Vida Zulauf', 'In veniam nulla earum tempora dignissimos. Sint optio tempora qui distinctio sit aut nobis. Aliquam impedit necessitatibus harum aut alias enim maiores. Facilis atque et est ut.', 4, '2018-11-18 08:06:56', '2018-11-18 08:06:56'),
(56, 21, 'Prof. Sigrid Stanton V', 'Fugiat nihil hic nemo soluta. Quia in porro voluptas adipisci sint eum. Veritatis sed quia voluptatem ab iure consequatur at. Consequatur dicta deleniti quo.', 5, '2018-11-18 08:06:56', '2018-11-18 08:06:56'),
(57, 5, 'Giovanny Nienow', 'Adipisci cumque laudantium sunt ipsa iusto rem officia. Et animi minima quis aperiam temporibus. Ratione deserunt nesciunt enim voluptas nobis occaecati.', 5, '2018-11-18 08:06:56', '2018-11-18 08:06:56'),
(58, 43, 'Filomena Anderson MD', 'Quos iure iste autem eum laborum qui veniam. Eius quis dolor alias nesciunt tempora fugiat. Voluptas laborum sequi harum.', 5, '2018-11-18 08:06:56', '2018-11-18 08:06:56'),
(59, 43, 'Prof. Seamus Hayes', 'Cum ab consectetur qui incidunt magni. Voluptatem qui sunt et dolores id. Accusantium voluptas neque perferendis omnis assumenda quibusdam sapiente fuga. Occaecati magni debitis et debitis molestiae.', 5, '2018-11-18 08:06:56', '2018-11-18 08:06:56'),
(60, 25, 'Prof. Jamel Jenkins Sr.', 'Dicta beatae atque et qui perferendis. Inventore facilis voluptatibus ullam sint est inventore qui. Eius ut doloremque ipsum iure quos voluptas. Sint tempore commodi non amet et iste sit.', 4, '2018-11-18 08:06:56', '2018-11-18 08:06:56'),
(61, 44, 'Bernadette Bergstrom', 'Quia aut error et cum dicta error voluptas. Nemo consectetur voluptates voluptatem ut fuga veritatis ut. Tempora temporibus itaque cupiditate repellat similique saepe error. Architecto suscipit ut aut pariatur voluptatem maxime.', 2, '2018-11-18 08:06:56', '2018-11-18 08:06:56'),
(62, 48, 'Wilber DuBuque', 'Porro enim est officiis quia praesentium et sit aut. Sed earum dicta omnis accusantium sed est. Excepturi sed esse error officia repudiandae. Harum fuga qui officiis aut similique.', 5, '2018-11-18 08:06:56', '2018-11-18 08:06:56'),
(63, 35, 'Meagan Marvin DDS', 'Rerum quis aspernatur ut et eos sit. Assumenda autem temporibus repudiandae quaerat.', 1, '2018-11-18 08:06:56', '2018-11-18 08:06:56'),
(64, 46, 'Mr. Adan Kassulke I', 'Dolor voluptatum laboriosam harum qui aut rerum. Minima quasi illum debitis eaque. Ipsum accusamus quasi eius et magni voluptatem. Perferendis ducimus qui inventore.', 4, '2018-11-18 08:06:56', '2018-11-18 08:06:56'),
(65, 26, 'Lennie Corwin', 'Sint quod facere quaerat nesciunt repellendus. Nesciunt tempora cupiditate quis inventore magni. Autem a similique ab quisquam debitis.', 4, '2018-11-18 08:06:56', '2018-11-18 08:06:56'),
(66, 27, 'Prof. Vivian Rosenbaum', 'Veniam dolores id quis ut ipsam. Omnis praesentium nostrum sunt et officia. Totam temporibus hic dolor ea fuga.', 3, '2018-11-18 08:06:56', '2018-11-18 08:06:56'),
(67, 2, 'Alvis Collier', 'Iure nobis facilis temporibus aut. Enim ea vel repudiandae repudiandae est dolorum. Dolores quasi beatae fugiat nihil id.', 2, '2018-11-18 08:06:56', '2018-11-18 08:06:56'),
(68, 5, 'Lavon Abbott', 'Dolore dolore amet omnis quasi iure. Vero est a quidem facilis fugit consequatur veniam. Eveniet harum dolor quasi culpa temporibus quasi impedit. Numquam ex voluptas dolor qui.', 2, '2018-11-18 08:06:56', '2018-11-18 08:06:56'),
(69, 28, 'Otha Brekke DVM', 'Amet mollitia rerum illum consequuntur porro debitis consequatur. Assumenda amet perspiciatis fugiat iste incidunt temporibus. Ut voluptas sint quia exercitationem ex vitae qui neque. Quidem aspernatur et recusandae labore ullam.', 1, '2018-11-18 08:06:56', '2018-11-18 08:06:56'),
(70, 8, 'Austyn Mitchell', 'Esse vel sit laboriosam perspiciatis ratione. Non eum sed fuga sed sunt. Explicabo totam distinctio ex maxime quae. Ut aliquam eius amet sequi eos similique ab.', 1, '2018-11-18 08:06:56', '2018-11-18 08:06:56'),
(71, 41, 'Prof. Fredrick Baumbach Jr.', 'Vero voluptate quae voluptatum et. Architecto et illum eos aspernatur odit. Et velit laudantium et officia qui voluptas. Voluptates laudantium rerum distinctio quisquam.', 1, '2018-11-18 08:06:56', '2018-11-18 08:06:56'),
(72, 29, 'Wade Schimmel', 'Fuga explicabo officia et porro inventore numquam. Dolorem et nihil voluptas saepe voluptas deleniti est eum. Odio ducimus ipsam occaecati aut rem.', 5, '2018-11-18 08:06:56', '2018-11-18 08:06:56'),
(73, 8, 'Dr. Liliane Wisoky', 'Maxime mollitia porro temporibus minima mollitia. Magnam qui est itaque repellendus. Aut dolore nobis voluptatem id ullam. Sapiente eos tenetur a dolorem similique facilis qui praesentium. Dolorem veniam sapiente aut deleniti deleniti reiciendis voluptas.', 2, '2018-11-18 08:06:56', '2018-11-18 08:06:56'),
(74, 30, 'Samara Grady', 'Rem numquam illo et ea laborum. Non pariatur facilis itaque qui expedita molestiae rerum quae. Qui pariatur harum perferendis est possimus. Ex fuga nisi exercitationem est. Ipsum quidem dolorem magnam voluptatem totam ut ab sint.', 1, '2018-11-18 08:06:56', '2018-11-18 08:06:56'),
(75, 9, 'Miss Rosalinda Lebsack', 'Saepe autem necessitatibus repellat non reprehenderit. Laboriosam consequuntur velit non omnis. Qui ab est accusamus pariatur in consequatur.', 2, '2018-11-18 08:06:56', '2018-11-18 08:06:56'),
(76, 2, 'Myriam Wehner', 'Inventore facere velit ducimus. Perspiciatis provident sit itaque ut id soluta. Enim quidem similique perspiciatis rerum natus ducimus iste expedita.', 3, '2018-11-18 08:06:56', '2018-11-18 08:06:56'),
(77, 14, 'Dr. Burnice Gottlieb Sr.', 'Fuga tenetur aut ut magnam accusamus odio. Perferendis magni aut aut est et dolores consectetur recusandae. Quia consectetur tenetur et ut. Repellendus enim doloremque saepe expedita minus aut.', 4, '2018-11-18 08:06:56', '2018-11-18 08:06:56'),
(78, 36, 'Keanu Buckridge', 'Eum neque deleniti voluptatem dolore. Sunt repellat id tempore est. Aliquam id id molestiae eos qui delectus. Commodi labore eaque ut vero amet laboriosam.', 1, '2018-11-18 08:06:56', '2018-11-18 08:06:56'),
(79, 10, 'Leta Bednar', 'Ex asperiores voluptas aut cumque sed culpa in. Omnis officiis qui aut pariatur iste molestiae. Asperiores nam mollitia odit debitis nemo architecto sint.', 4, '2018-11-18 08:06:56', '2018-11-18 08:06:56'),
(80, 10, 'Mr. Jon O\'Keefe Sr.', 'Dolores et sed quam tenetur at eligendi. Non at consectetur sed necessitatibus sint recusandae a.', 4, '2018-11-18 08:06:56', '2018-11-18 08:06:56'),
(81, 6, 'Dustin Hermiston', 'Quisquam ut commodi delectus expedita veritatis voluptas. Similique libero et molestiae. Assumenda voluptatem ab est et laudantium consequuntur nulla ullam. Voluptas aliquam sapiente sed molestias eum excepturi omnis quae.', 1, '2018-11-18 08:06:56', '2018-11-18 08:06:56'),
(82, 2, 'Prince Beer', 'Blanditiis sint ad id et. Vero doloremque quos sequi. Sed officia sunt quibusdam ipsum dicta. Ea odit dicta non quaerat.', 2, '2018-11-18 08:06:56', '2018-11-18 08:06:56'),
(83, 27, 'Prof. Verlie Olson PhD', 'Facere perferendis tenetur quidem reprehenderit expedita. Cumque dignissimos voluptates ipsam itaque et. Commodi tempora nulla vitae est ipsam. Amet unde ab commodi nemo.', 5, '2018-11-18 08:06:56', '2018-11-18 08:06:56'),
(84, 8, 'Leonardo Franecki', 'Temporibus eaque itaque libero dolorum et illum. Iusto sint facere enim repellat possimus velit. A et quo ad maiores vitae veritatis fugit.', 2, '2018-11-18 08:06:56', '2018-11-18 08:06:56'),
(85, 50, 'Ricky Lehner', 'Explicabo dolore quia voluptatem et nihil. Assumenda autem quos nam sit. Sunt voluptates ratione consequatur tempore asperiores laborum nemo omnis. Aut ea sunt vel animi iure est incidunt.', 1, '2018-11-18 08:06:56', '2018-11-18 08:06:56'),
(86, 45, 'Mr. Robbie Torphy PhD', 'Officia quas nisi est sed. Et dicta odio nam repudiandae ex. Rerum incidunt vitae cum in.', 5, '2018-11-18 08:06:56', '2018-11-18 08:06:56'),
(87, 17, 'Callie Schultz', 'Corrupti impedit consequatur similique illo recusandae sunt non. Sit corrupti vero dolorem et sed quia neque. Quibusdam omnis error eligendi velit voluptatem cupiditate placeat.', 4, '2018-11-18 08:06:56', '2018-11-18 08:06:56'),
(88, 9, 'Rae Wilderman', 'Accusantium est ut quod vitae est repellendus quae et. Doloremque beatae id nesciunt voluptatem pariatur. Odit nihil quia at et ea minus iure. Vero dolorum velit ducimus commodi tenetur dolor impedit harum. Animi mollitia debitis rerum error.', 1, '2018-11-18 08:06:56', '2018-11-18 08:06:56'),
(89, 3, 'Makayla Hackett', 'Qui totam suscipit qui asperiores. Ducimus ea sit quia natus et. Voluptate suscipit et dolorem sequi. Esse est explicabo veritatis nobis sit iste dolor nemo.', 3, '2018-11-18 08:06:56', '2018-11-18 08:06:56'),
(90, 43, 'Laurie Hackett', 'Inventore rem et et officiis accusantium. Error est omnis ratione voluptatum non officiis est. Est amet est similique ea. Nisi ratione ipsum qui repellendus quae qui pariatur.', 3, '2018-11-18 08:06:56', '2018-11-18 08:06:56'),
(91, 40, 'Lindsay Conroy', 'Enim non et quidem qui aut. Culpa itaque aut et. Repellat culpa fuga voluptatibus eos autem.', 5, '2018-11-18 08:06:56', '2018-11-18 08:06:56'),
(92, 38, 'Prof. William Parker', 'Consequatur aliquid veniam distinctio recusandae ut illum. Quae totam ut quia beatae officia expedita. Nemo sapiente similique consequuntur sed qui. Quaerat accusamus dolorem aut rerum illum.', 4, '2018-11-18 08:06:56', '2018-11-18 08:06:56'),
(93, 50, 'Leslie Ortiz', 'Beatae eos neque maxime sed officia rerum. Velit molestiae quibusdam officiis. Qui nihil ut sit error omnis. Omnis id praesentium error.', 2, '2018-11-18 08:06:56', '2018-11-18 08:06:56'),
(94, 29, 'Dr. Santiago Buckridge MD', 'In vero officia aliquid minima quibusdam occaecati assumenda quibusdam. Omnis aperiam dolor provident voluptas. Laudantium reiciendis sit quia illum quod soluta. Ut ut laudantium id.', 3, '2018-11-18 08:06:56', '2018-11-18 08:06:56'),
(95, 2, 'Gillian Kshlerin', 'Magnam libero et omnis. Enim aut harum molestiae ratione corrupti molestias voluptatem. Qui quia dolorum explicabo ea velit voluptas culpa.', 4, '2018-11-18 08:06:56', '2018-11-18 08:06:56'),
(96, 38, 'Davon Hill', 'Deleniti accusamus illo corporis aut error. Tempora voluptas doloremque assumenda soluta. A molestiae earum et id adipisci qui. Error dignissimos perferendis velit illum earum ut.', 1, '2018-11-18 08:06:56', '2018-11-18 08:06:56'),
(97, 38, 'Gerson Hahn', 'Ratione sed et eum aliquid. Commodi et a corrupti ducimus. Sit praesentium omnis ratione quasi ea. Molestiae quasi voluptatem quas ipsum facere corrupti ea.', 1, '2018-11-18 08:06:56', '2018-11-18 08:06:56'),
(98, 25, 'Raphael Mertz I', 'Ut perferendis architecto expedita quod dolor dolor est. Provident ad sit sapiente quo itaque. Impedit voluptatem asperiores enim ut quis. Assumenda excepturi consequuntur corporis harum consequatur dicta ut sed. Et voluptas illo ad ipsam sapiente voluptatem porro.', 3, '2018-11-18 08:06:56', '2018-11-18 08:06:56'),
(99, 1, 'Jana Nienow', 'Aut voluptatem eveniet porro est est voluptates. Impedit qui suscipit omnis. Quo omnis autem tenetur nisi ratione repudiandae esse. Enim reprehenderit autem voluptate eveniet id et corporis.', 5, '2018-11-18 08:06:56', '2018-11-18 08:06:56'),
(100, 34, 'Brice Lubowitz', 'Quasi sed corrupti enim tenetur ut. Non deserunt illum quis earum nam officia id necessitatibus. Provident sint nisi quia nulla.', 5, '2018-11-18 08:06:56', '2018-11-18 08:06:56'),
(101, 43, 'Vicky Beahan', 'Qui ut itaque ipsam qui saepe. Quisquam nihil unde aut quo. Et saepe ratione quis laborum eligendi possimus in voluptatibus.', 1, '2018-11-18 08:06:56', '2018-11-18 08:06:56'),
(102, 19, 'Ashlynn Miller', 'Quaerat est voluptatem itaque vero voluptates velit sunt. Deserunt et hic tempore est rerum. Mollitia culpa ad ipsa quae molestias velit omnis. Et nobis dolores maiores dolores esse.', 1, '2018-11-18 08:06:56', '2018-11-18 08:06:56'),
(103, 16, 'Mr. Emmet Tillman', 'Ab eum quo ut est et quis animi est. Tempore qui fugiat nobis tempore qui et omnis ipsam. Optio sit dolores non.', 5, '2018-11-18 08:06:56', '2018-11-18 08:06:56'),
(104, 27, 'Prof. Clair Graham', 'A illum et qui velit enim voluptas. Ut quas debitis pariatur harum assumenda aliquam vitae et. Enim fugit aut rerum optio.', 3, '2018-11-18 08:06:56', '2018-11-18 08:06:56'),
(105, 32, 'Bridget O\'Connell', 'Repellendus incidunt quia quibusdam voluptatem nostrum aut minus suscipit. Temporibus inventore et est in. Voluptates unde suscipit quis eum.', 2, '2018-11-18 08:06:56', '2018-11-18 08:06:56'),
(106, 11, 'Dr. Tyra Feeney PhD', 'Distinctio praesentium deserunt vel mollitia et laudantium. Laborum dolorem ipsam sed quas temporibus. Labore consequatur voluptatum consequatur omnis.', 5, '2018-11-18 08:06:56', '2018-11-18 08:06:56'),
(107, 23, 'Louisa Predovic', 'Voluptas amet mollitia cupiditate mollitia voluptatem aut. Dolores accusamus nesciunt inventore at sint. Vitae velit cumque voluptatibus est beatae.', 1, '2018-11-18 08:06:56', '2018-11-18 08:06:56'),
(108, 1, 'Eleanore Gerhold', 'Earum quam nihil aperiam eum dolorum. Sed unde optio voluptate. Adipisci est omnis odit. Animi repellat omnis ut eaque dolorum neque amet.', 2, '2018-11-18 08:06:56', '2018-11-18 08:06:56'),
(109, 37, 'Kade Auer', 'Delectus explicabo perferendis minima quibusdam voluptatem eaque amet. Quo harum impedit molestiae officiis. Vel odit cumque sint quod quo.', 4, '2018-11-18 08:06:56', '2018-11-18 08:06:56'),
(110, 27, 'Miss Anne Hegmann', 'A mollitia quis tempore cupiditate. Odio et officia aut. Voluptatem officiis placeat officiis at. Tempora et fuga ut error omnis.', 5, '2018-11-18 08:06:56', '2018-11-18 08:06:56'),
(111, 31, 'Dr. Paul Treutel DVM', 'Facilis eligendi rerum dolorem magnam veritatis omnis. Itaque molestiae sint eum labore neque debitis iure. Possimus sit necessitatibus eligendi eum accusamus provident quidem quaerat. Voluptatem non dolor est modi.', 3, '2018-11-18 08:06:56', '2018-11-18 08:06:56'),
(112, 27, 'Mrs. Melisa Sawayn', 'Ex illum et magni. Numquam sint accusamus sunt rerum.', 1, '2018-11-18 08:06:56', '2018-11-18 08:06:56'),
(113, 29, 'Angus Maggio', 'Quis odit earum possimus totam excepturi. Quia assumenda dolores quasi provident deserunt. Ipsam sit aut laudantium ad dolorem perferendis. Repudiandae et rerum repellendus suscipit voluptates maiores facilis. Aut enim porro quia numquam alias.', 3, '2018-11-18 08:06:56', '2018-11-18 08:06:56'),
(114, 42, 'Neva Williamson', 'Voluptas explicabo facilis rerum quod eos. Ipsum voluptatum laborum error odio ut nemo. Cum blanditiis autem porro iste ad labore. Consequatur corrupti quod non omnis id animi reiciendis ipsam.', 4, '2018-11-18 08:06:56', '2018-11-18 08:06:56'),
(115, 25, 'Maida Hegmann', 'Molestiae unde dolorum aliquam quae cumque veritatis architecto. Quaerat enim expedita sed aut quam exercitationem ut. Magni numquam ab et non cum optio. In dignissimos omnis aut assumenda aut ipsam aut.', 1, '2018-11-18 08:06:56', '2018-11-18 08:06:56'),
(116, 22, 'Kurtis Durgan', 'Voluptatem beatae eaque dolore impedit. Quas et sit soluta accusantium. Distinctio aut est ratione praesentium aut at.', 2, '2018-11-18 08:06:56', '2018-11-18 08:06:56'),
(117, 1, 'Zelma Kassulke', 'Adipisci mollitia qui debitis voluptates dolorum cupiditate odio. Ut mollitia qui ea rerum voluptates error maiores. Similique nesciunt impedit ipsum dolorem a. Possimus magnam autem eos rem totam.', 4, '2018-11-18 08:06:56', '2018-11-18 08:06:56'),
(118, 17, 'Issac Russel V', 'Quo odit consequuntur delectus nisi. Et quasi consequatur labore aliquid reiciendis aliquam. Aut et at autem molestiae. Quas atque ut sed est sapiente. Sed provident labore consequatur dolores.', 5, '2018-11-18 08:06:56', '2018-11-18 08:06:56'),
(119, 6, 'Erich Nikolaus', 'Autem voluptatibus autem consequatur omnis vitae voluptatem inventore. Est suscipit fuga illum animi sit quo repellat. Itaque quia dignissimos enim perspiciatis iusto quisquam aut. Qui dolorum necessitatibus temporibus ut.', 3, '2018-11-18 08:06:56', '2018-11-18 08:06:56'),
(120, 6, 'Delbert Raynor I', 'Earum debitis aut quaerat commodi. Sint eos qui est voluptatibus. Molestiae enim eius tempora repudiandae quia. Aut consequatur tenetur alias sit tempore.', 4, '2018-11-18 08:06:56', '2018-11-18 08:06:56'),
(121, 42, 'Gregory Schimmel', 'Atque modi natus est. Magnam aut tenetur ut officiis aspernatur.', 4, '2018-11-18 08:06:56', '2018-11-18 08:06:56'),
(122, 8, 'Pablo Mann DDS', 'Magnam qui sint est eos aut quo. Voluptate maxime aut porro exercitationem dolores ut. Nisi alias possimus earum at perspiciatis non architecto.', 4, '2018-11-18 08:06:56', '2018-11-18 08:06:56'),
(123, 46, 'Lysanne Schiller', 'Mollitia debitis qui aut est quo saepe qui nesciunt. Quo maiores sed sunt et vitae. Quasi quas sint quia rerum aperiam. Itaque id placeat sed aut nemo iure illum.', 5, '2018-11-18 08:06:56', '2018-11-18 08:06:56'),
(124, 12, 'Efren Howell', 'Dicta expedita qui quia ipsum minima voluptatum. Ipsum natus quis quae esse qui fugiat mollitia.', 1, '2018-11-18 08:06:56', '2018-11-18 08:06:56'),
(125, 43, 'Ms. Rhianna Goodwin MD', 'Blanditiis consequatur perspiciatis ducimus omnis similique. Autem sint minus consequatur et ut rerum eaque.', 4, '2018-11-18 08:06:56', '2018-11-18 08:06:56'),
(126, 4, 'Dorthy Medhurst', 'Omnis molestiae impedit enim voluptatem eveniet delectus. Vitae at est dicta omnis et facere.', 4, '2018-11-18 08:06:56', '2018-11-18 08:06:56'),
(127, 1, 'Emerald Kemmer', 'Distinctio et repellat nulla neque quidem adipisci. Accusantium ullam ducimus incidunt aut quia accusamus. Quae a et sint inventore in unde nostrum.', 2, '2018-11-18 08:06:56', '2018-11-18 08:06:56'),
(128, 27, 'Prof. Herminio Tremblay', 'Pariatur illo vero impedit quidem possimus. Ut vel adipisci soluta maxime non. Eum quaerat nihil fuga velit incidunt in asperiores. Id odit aut ipsa dolor tenetur.', 3, '2018-11-18 08:06:56', '2018-11-18 08:06:56'),
(129, 13, 'Ms. Yasmine Stracke DVM', 'Maxime iusto facere omnis id pariatur cupiditate. Adipisci eum ea et error nihil voluptatem consequatur. Qui at ut nihil quibusdam.', 3, '2018-11-18 08:06:56', '2018-11-18 08:06:56'),
(130, 19, 'Kellen Krajcik', 'Excepturi eveniet ipsum sint nam. Cum quaerat iure sit suscipit alias et blanditiis. Et maxime rem porro autem eos in aliquam. Dolore voluptas reprehenderit nam laborum autem nihil qui quisquam.', 5, '2018-11-18 08:06:56', '2018-11-18 08:06:56'),
(131, 3, 'Dr. Ardith Lemke', 'Consectetur animi nihil expedita enim exercitationem quas dolor. Voluptatem fuga optio quos tenetur fugiat ad ipsam. Velit repudiandae veritatis vero quibusdam est expedita. Facilis maxime ipsa repellat at molestiae consequatur.', 1, '2018-11-18 08:06:56', '2018-11-18 08:06:56'),
(132, 8, 'Terry Prosacco', 'Provident cumque eius quod illo quaerat vel quo. Adipisci expedita beatae recusandae molestiae eligendi repudiandae. Velit quia voluptatum molestias vero dolore enim. Nulla accusantium iure nemo a ut illum aspernatur.', 3, '2018-11-18 08:06:56', '2018-11-18 08:06:56'),
(133, 28, 'Marielle Williamson Jr.', 'Ea mollitia recusandae dolores voluptas quod. Velit voluptatibus distinctio numquam quia.', 2, '2018-11-18 08:06:56', '2018-11-18 08:06:56'),
(134, 13, 'Brooke Wunsch', 'Doloremque maiores voluptas aut et. Dolores nihil consequatur illum minus omnis perspiciatis. Enim excepturi omnis repellat rem dolor aut. Repudiandae quia inventore vitae aut.', 3, '2018-11-18 08:06:56', '2018-11-18 08:06:56'),
(135, 18, 'Lenora Wiza MD', 'Dolor impedit consequuntur distinctio recusandae qui ut laboriosam. Labore laboriosam iste molestiae ipsa et et et dolores. Deserunt quos blanditiis deserunt. Praesentium nulla quidem error fugit aperiam voluptatem quas.', 5, '2018-11-18 08:06:56', '2018-11-18 08:06:56'),
(136, 16, 'Tyshawn Fisher', 'Quia velit temporibus vel et soluta vel quos. Sunt provident et quia commodi. Provident quia beatae dolore maxime aut sit officiis. Fugit facere itaque qui quos expedita dignissimos unde. Eius illum accusamus voluptate est modi.', 4, '2018-11-18 08:06:56', '2018-11-18 08:06:56'),
(137, 1, 'Alta Heaney', 'Non dolore tenetur explicabo reiciendis in. Hic dolores natus voluptas consequatur. Cupiditate ut est possimus dolores harum consequatur magnam.', 5, '2018-11-18 08:06:56', '2018-11-18 08:06:56'),
(138, 8, 'Ms. Shaylee Quigley', 'Doloremque necessitatibus iste qui. Autem aut libero odio occaecati. Qui laboriosam libero repudiandae velit consequatur ut. Autem perspiciatis reprehenderit alias nulla sint.', 3, '2018-11-18 08:06:56', '2018-11-18 08:06:56'),
(139, 32, 'Mrs. Luz Little PhD', 'Aspernatur fugiat modi culpa deleniti. Hic velit corrupti aut nihil ut omnis. Et velit ex repellat officiis qui. Exercitationem quaerat rerum beatae laudantium omnis veritatis iure. Rerum hic minus laboriosam magnam laborum nulla et repellat.', 2, '2018-11-18 08:06:56', '2018-11-18 08:06:56'),
(140, 26, 'Moises Tromp', 'Voluptas maxime vero delectus voluptate. Aut voluptatem dicta delectus beatae voluptatem. Eligendi delectus alias consectetur.', 5, '2018-11-18 08:06:56', '2018-11-18 08:06:56'),
(141, 19, 'Stone Mante', 'Nesciunt aperiam ea odio dolores et doloremque unde. Voluptatem magni voluptatem porro asperiores laboriosam. Veniam consequatur alias quia quia impedit illo facilis odio.', 2, '2018-11-18 08:06:56', '2018-11-18 08:06:56'),
(142, 18, 'Austyn Cronin DVM', 'Quasi unde et voluptates veniam. Ea error accusantium et est omnis et dolorem. Voluptatem ab eos placeat quas aspernatur.', 5, '2018-11-18 08:06:57', '2018-11-18 08:06:57'),
(143, 19, 'Prof. Carmen Lesch I', 'Sit voluptatem qui iure voluptas dicta voluptatem suscipit. Nemo qui delectus libero voluptate molestiae.', 5, '2018-11-18 08:06:57', '2018-11-18 08:06:57'),
(144, 37, 'Saige Denesik', 'Qui cum quam debitis voluptas quibusdam doloribus ratione. Aut eos dolorem aut animi. Vitae odit ratione odit sapiente numquam quia aperiam.', 1, '2018-11-18 08:06:57', '2018-11-18 08:06:57'),
(145, 49, 'Cassandre Watsica', 'Veritatis dolorum aspernatur sint. Quia sunt est non laudantium corrupti totam et reiciendis. Omnis maiores reiciendis et.', 4, '2018-11-18 08:06:57', '2018-11-18 08:06:57'),
(146, 45, 'Genevieve Mraz', 'Non maiores ipsam qui nobis. Sed tempore cupiditate tenetur qui. Voluptatum est tenetur ipsum reprehenderit quia veritatis. Occaecati earum necessitatibus doloribus ut.', 1, '2018-11-18 08:06:57', '2018-11-18 08:06:57'),
(147, 18, 'Mr. Freddie Hintz I', 'Aspernatur totam expedita fugit. Ab perferendis illo qui.', 1, '2018-11-18 08:06:57', '2018-11-18 08:06:57'),
(148, 27, 'Marisol Thiel', 'Rem eius blanditiis recusandae quo consequuntur sed. Fuga maxime excepturi accusantium facere. Sequi nesciunt corporis et facere voluptas beatae commodi. Eos suscipit provident temporibus debitis praesentium.', 2, '2018-11-18 08:06:57', '2018-11-18 08:06:57'),
(149, 20, 'Prof. Mathew O\'Connell Jr.', 'Excepturi consectetur odio nesciunt quasi nisi quam eaque sed. Ipsam omnis recusandae vero distinctio et eum. Molestiae deleniti fuga facere quaerat.', 2, '2018-11-18 08:06:57', '2018-11-18 08:06:57'),
(150, 37, 'Miss Ima Kuphal', 'Harum aperiam dolore totam totam ea ut similique. Aut eos perspiciatis nostrum ipsum non placeat corporis. Quod est est aut. Libero ad harum rerum optio.', 1, '2018-11-18 08:06:57', '2018-11-18 08:06:57'),
(151, 33, 'Lexus Grant', 'Et vel doloribus est officia veritatis. Voluptatum sit harum aut tempore voluptatum maiores. Itaque quia ab atque repudiandae. Optio rerum omnis non doloribus corrupti.', 3, '2018-11-18 08:06:57', '2018-11-18 08:06:57'),
(152, 3, 'Lavada West V', 'Eos amet quo quam voluptatem cupiditate quo id. Labore quia autem commodi eum. Quae esse aliquam voluptas.', 1, '2018-11-18 08:06:57', '2018-11-18 08:06:57'),
(153, 27, 'Prof. Tad Abbott', 'Quia excepturi et dolorum eos iusto omnis reiciendis. Dolores sed minus voluptas animi omnis hic accusantium. Facilis eum magni consectetur.', 5, '2018-11-18 08:06:57', '2018-11-18 08:06:57'),
(154, 34, 'Dr. Alisha Robel I', 'Voluptatem incidunt numquam accusamus consectetur tempora. Vitae rem expedita aut sequi omnis. Est at delectus porro. Voluptas veniam laudantium eius doloribus tempora.', 1, '2018-11-18 08:06:57', '2018-11-18 08:06:57'),
(155, 12, 'Ruthie Heidenreich', 'Nobis nemo sunt fugiat cupiditate dicta. At inventore fugit ea nisi. Repudiandae quis laborum expedita nemo ratione cumque omnis. Et itaque aut qui expedita sed cumque corrupti.', 2, '2018-11-18 08:06:57', '2018-11-18 08:06:57'),
(156, 32, 'Ulices Littel', 'Id sapiente cumque nesciunt ut quibusdam odio. Assumenda commodi suscipit ut rem eaque fugiat harum. Omnis blanditiis est dolor. Voluptas aspernatur autem et et.', 3, '2018-11-18 08:06:57', '2018-11-18 08:06:57'),
(157, 6, 'Donnell Hayes', 'Quo sint ea placeat quibusdam nam. Hic harum enim consequatur et velit id rerum. Sed aut error libero eos non voluptatibus neque. Officiis pariatur maiores dolores omnis.', 5, '2018-11-18 08:06:57', '2018-11-18 08:06:57'),
(158, 42, 'Jordi Fritsch', 'Quaerat accusamus sunt tenetur. Veritatis a est optio laudantium.', 3, '2018-11-18 08:06:57', '2018-11-18 08:06:57'),
(159, 15, 'Wilfrid Mayert I', 'Officiis eum itaque quos error deleniti ipsam. Harum qui illum nihil autem consequuntur dolorem. Delectus saepe reiciendis quas tenetur. Labore cumque eum expedita rerum sit ipsam.', 3, '2018-11-18 08:06:57', '2018-11-18 08:06:57'),
(160, 38, 'Prof. Weldon Bradtke DVM', 'Velit tenetur soluta debitis velit aspernatur non voluptas excepturi. Deserunt sunt excepturi voluptatibus non rem rem voluptatem. Voluptatem harum aliquam nobis rerum molestias eum eligendi est.', 1, '2018-11-18 08:06:57', '2018-11-18 08:06:57'),
(161, 26, 'Ms. Aaliyah Heidenreich', 'Reiciendis voluptatem et doloribus consequatur. Voluptas corrupti sint consequatur assumenda aut et. Aut fugit omnis eligendi adipisci possimus voluptatem itaque quidem. Voluptates quo accusantium inventore eaque perspiciatis dolorem.', 5, '2018-11-18 08:06:57', '2018-11-18 08:06:57'),
(162, 20, 'Emiliano Brekke', 'Laborum mollitia fuga beatae itaque exercitationem voluptate. Iste mollitia impedit odit est at non omnis. Molestias et ea blanditiis quia excepturi libero illum. Et impedit cum cum consectetur quia magnam.', 2, '2018-11-18 08:06:57', '2018-11-18 08:06:57'),
(163, 29, 'Katrine Schinner V', 'Ex ut sit laudantium accusamus quasi inventore omnis itaque. Explicabo mollitia tempore ut ad.', 3, '2018-11-18 08:06:57', '2018-11-18 08:06:57'),
(164, 48, 'Mr. Cristobal Hickle', 'Qui expedita corrupti est rem consequatur qui porro. Inventore porro officia accusantium nihil accusantium consequatur neque. In autem est expedita dignissimos.', 2, '2018-11-18 08:06:57', '2018-11-18 08:06:57'),
(165, 32, 'Arlie Hermann', 'Repudiandae dolores beatae recusandae inventore. Sapiente sed molestiae fugiat placeat sed.', 2, '2018-11-18 08:06:57', '2018-11-18 08:06:57'),
(166, 23, 'Miss Fannie Bernier', 'Blanditiis est consequatur similique nihil dolorem ut qui animi. Eligendi eum officia iure nam rerum. Et consequatur facere blanditiis non. Ex tempore consequatur laborum rerum doloremque eos optio rerum. Nobis recusandae et sint fugit vel.', 4, '2018-11-18 08:06:57', '2018-11-18 08:06:57'),
(167, 4, 'Carolanne Altenwerth', 'Omnis quo doloremque exercitationem rem dolore. Consectetur rerum est aperiam reprehenderit voluptate ipsa. Eius et voluptatem dolor soluta.', 2, '2018-11-18 08:06:57', '2018-11-18 08:06:57'),
(168, 38, 'Gilberto Schamberger Sr.', 'Eveniet ullam neque voluptatem laboriosam dicta quaerat. Blanditiis et minima et voluptatibus necessitatibus quis. Veniam odit animi et non. Praesentium autem et et et debitis. Facere beatae ut veniam ut accusamus sapiente.', 3, '2018-11-18 08:06:57', '2018-11-18 08:06:57'),
(169, 17, 'Mrs. Jammie Nikolaus', 'Dolorum earum eos quo et magnam exercitationem. Facere ut esse omnis cupiditate non. Corrupti natus aperiam maiores et officiis et.', 3, '2018-11-18 08:06:57', '2018-11-18 08:06:57'),
(170, 50, 'Sylvia Fahey', 'Ratione aut sequi aut minima est officiis rem. Blanditiis exercitationem incidunt quia et. Aspernatur ut quos distinctio non. Minima quis consectetur asperiores magni accusantium et.', 5, '2018-11-18 08:06:57', '2018-11-18 08:06:57'),
(171, 45, 'Prof. Dallin Nienow Jr.', 'Quod voluptatibus similique voluptate maiores sunt vero iusto numquam. Repudiandae asperiores tempore pariatur excepturi. Consequuntur eos beatae error consequuntur. Aut error quia dolorem laborum dolores praesentium. Accusamus id eveniet quasi.', 5, '2018-11-18 08:06:57', '2018-11-18 08:06:57'),
(172, 38, 'Mr. Junior McGlynn Sr.', 'Porro non non quas aut ea nostrum. Non magni eius maxime distinctio distinctio qui. Voluptatem aspernatur voluptates provident.', 3, '2018-11-18 08:06:57', '2018-11-18 08:06:57'),
(173, 22, 'Ansley Stehr PhD', 'Aliquid inventore in aut facilis molestiae quam. Nam aliquam sit earum hic vel occaecati quisquam. Aut eum animi ipsam et. Provident expedita molestiae quis ex fuga dolorem assumenda rerum.', 1, '2018-11-18 08:06:57', '2018-11-18 08:06:57'),
(174, 31, 'Jewel Graham', 'Necessitatibus unde cum iste quia deleniti dolorem sunt. Accusamus aliquam sed sunt maiores esse asperiores.', 3, '2018-11-18 08:06:57', '2018-11-18 08:06:57'),
(175, 3, 'Miracle Nikolaus', 'Optio iste in soluta illum. Enim cum qui vitae autem sint. Mollitia ut magni accusantium sequi dignissimos excepturi.', 1, '2018-11-18 08:06:57', '2018-11-18 08:06:57'),
(176, 30, 'Hanna Christiansen', 'Numquam quo delectus vitae consequatur reprehenderit. Et totam blanditiis assumenda et. Qui earum quis nisi unde est molestiae cumque. Est omnis non ipsam aut est. Aperiam adipisci sunt fugit quibusdam.', 4, '2018-11-18 08:06:57', '2018-11-18 08:06:57'),
(177, 14, 'Prof. Sister Kemmer MD', 'Exercitationem tempora nobis ratione molestiae veniam. Omnis delectus suscipit facere quod. Autem dolorem et quidem. Animi ut ipsa asperiores aut fugit culpa.', 5, '2018-11-18 08:06:57', '2018-11-18 08:06:57'),
(178, 49, 'Dominique Vandervort', 'Velit commodi enim rerum tempora. Debitis incidunt saepe quidem ut et ab nisi. Qui veniam sapiente architecto ut. Sunt error corrupti laboriosam sunt enim corrupti in.', 1, '2018-11-18 08:06:57', '2018-11-18 08:06:57'),
(179, 42, 'Colin Weimann', 'Accusantium nemo consequatur minus nihil. Ab fuga qui omnis aliquam et. In qui aliquam ab voluptatem non itaque. Aut doloremque quas soluta voluptatem sed perferendis laboriosam.', 1, '2018-11-18 08:06:57', '2018-11-18 08:06:57'),
(180, 41, 'Dr. Bethel Rodriguez DVM', 'Animi odio aut est voluptas. Consequatur quis voluptates vel perspiciatis qui mollitia. Omnis architecto sint nesciunt.', 4, '2018-11-18 08:06:57', '2018-11-18 08:06:57'),
(181, 40, 'Dr. Alba Treutel PhD', 'Corporis hic nobis doloribus dolor id. Et esse assumenda quis eos est aut. Aliquam deleniti dolorem harum labore exercitationem. Aspernatur fuga voluptas sed repudiandae.', 2, '2018-11-18 08:06:57', '2018-11-18 08:06:57'),
(182, 6, 'Eunice Smitham', 'Commodi quae sequi est aut. Voluptatem blanditiis est eius magnam impedit. Saepe cum aut veritatis harum.', 1, '2018-11-18 08:06:57', '2018-11-18 08:06:57'),
(183, 25, 'Duane Will', 'Neque illo illo eligendi doloremque. Dignissimos dignissimos voluptatum dignissimos adipisci et laudantium quia. Mollitia a doloribus minus aut. In recusandae quis laudantium voluptatum. Quae tempore accusantium enim expedita.', 1, '2018-11-18 08:06:57', '2018-11-18 08:06:57'),
(184, 8, 'Kailyn Moen', 'Commodi rerum inventore quo est porro omnis. Voluptatem itaque blanditiis assumenda quod sit. Inventore libero ea laboriosam assumenda eos eius harum. Laboriosam eius officia molestias doloremque.', 2, '2018-11-18 08:06:57', '2018-11-18 08:06:57'),
(185, 46, 'Dr. Misael Wilkinson DDS', 'Quia eum laudantium consequatur sint dolor exercitationem. Necessitatibus corrupti nemo voluptate sint. Consequuntur qui aliquid exercitationem aut sint tempore. Magnam accusantium ab perferendis omnis.', 3, '2018-11-18 08:06:57', '2018-11-18 08:06:57'),
(186, 36, 'Lauryn O\'Reilly III', 'A asperiores ut qui earum quaerat quaerat. Neque libero autem aut dolorem. Atque adipisci distinctio enim aut et suscipit. Aut maxime est fugit unde.', 4, '2018-11-18 08:06:57', '2018-11-18 08:06:57'),
(187, 50, 'Mr. Jennings Wehner Jr.', 'Sint eligendi quisquam doloribus neque perspiciatis ut. Doloribus quibusdam quia delectus atque. Et aut possimus autem est vel iste. Molestias quia id ipsum minus laboriosam.', 3, '2018-11-18 08:06:57', '2018-11-18 08:06:57'),
(188, 28, 'Mrs. Janiya Skiles DDS', 'Adipisci sint dolorem eos voluptas temporibus et. Et non rerum quaerat incidunt. Deserunt excepturi sapiente est alias.', 1, '2018-11-18 08:06:57', '2018-11-18 08:06:57'),
(189, 25, 'Prof. Albert Simonis DDS', 'Dicta doloribus laboriosam sit cum sed ut facere. Fugiat debitis ut aliquam maxime aut consectetur. A dolores perspiciatis occaecati quas.', 2, '2018-11-18 08:06:57', '2018-11-18 08:06:57'),
(190, 1, 'Marilie Cassin', 'Corrupti iure nihil est qui. Et dolores quod est et eum vel. Dolores autem vitae sequi quis dolores neque corporis.', 1, '2018-11-18 08:06:57', '2018-11-18 08:06:57'),
(191, 3, 'Judge Lowe', 'Aut ut exercitationem qui aut ut sequi. Nemo voluptas accusantium mollitia sunt cupiditate in. Rerum ut doloribus optio nulla.', 2, '2018-11-18 08:06:57', '2018-11-18 08:06:57'),
(192, 1, 'Karley O\'Reilly', 'Dolorum exercitationem natus voluptas dolor earum rerum. Voluptatibus sit totam voluptatem numquam itaque consequuntur. Id ipsum id voluptas temporibus qui animi. Sed accusamus repudiandae quia nemo quos aperiam.', 3, '2018-11-18 08:06:57', '2018-11-18 08:06:57'),
(193, 14, 'Wilson Heidenreich', 'Doloribus delectus alias aut et et quam in vel. Voluptatem vel officia dolorem reiciendis id rem. Asperiores sunt omnis repudiandae.', 2, '2018-11-18 08:06:57', '2018-11-18 08:06:57'),
(194, 20, 'Fiona Haag', 'Neque magnam tempora nam officia quia. Qui et eum molestias rerum quis. Commodi dicta alias qui accusantium porro cumque et sint. Occaecati aut repellendus doloremque modi fugit at.', 1, '2018-11-18 08:06:57', '2018-11-18 08:06:57'),
(195, 47, 'Prof. Brandi Krajcik MD', 'Nesciunt qui error non ea inventore repellat repellendus nemo. Delectus officia dolorum perferendis qui et tenetur autem dolor. Delectus unde reiciendis et veniam distinctio quo.', 3, '2018-11-18 08:06:57', '2018-11-18 08:06:57'),
(196, 48, 'Dr. Dylan Senger III', 'Qui explicabo porro ab ipsam totam eveniet. Dicta eaque voluptate quis adipisci quia explicabo. Quia facere et in voluptas beatae sit. Et voluptates exercitationem odit qui omnis eum pariatur.', 3, '2018-11-18 08:06:57', '2018-11-18 08:06:57'),
(197, 30, 'Enrique Friesen Sr.', 'Facilis occaecati consectetur incidunt autem vel. Voluptatem sit voluptas eum aut et. Voluptatem aut perferendis alias quia sint fugiat. Voluptate reiciendis vero labore beatae.', 1, '2018-11-18 08:06:57', '2018-11-18 08:06:57'),
(198, 20, 'Stefanie Lebsack', 'Beatae quas sequi quisquam pariatur maxime ut eveniet veniam. Nulla perspiciatis nobis alias praesentium. Veniam eveniet corporis eaque recusandae voluptatem voluptatem suscipit. Voluptatibus officiis repellat nam ab quia nesciunt.', 1, '2018-11-18 08:06:57', '2018-11-18 08:06:57'),
(199, 7, 'Lavada Krajcik', 'Tenetur amet a quia. Sunt explicabo nihil saepe deleniti minus delectus dolore quo. Laudantium amet inventore sed omnis cumque qui.', 5, '2018-11-18 08:06:57', '2018-11-18 08:06:57'),
(200, 22, 'Kasey Sawayn Jr.', 'Est commodi nihil sed exercitationem fugiat est quia. Qui accusamus ut quidem sapiente totam ipsum repellat. Vel est natus est consequatur quis molestiae et. Voluptas voluptatem facilis alias quis.', 2, '2018-11-18 08:06:57', '2018-11-18 08:06:57'),
(201, 32, 'Mrs. Justine Feest', 'Voluptas sint ad sint. Ut quos explicabo cum nihil et. Inventore voluptatem quisquam mollitia. Quos qui vel eos voluptatem libero.', 2, '2018-11-18 08:06:57', '2018-11-18 08:06:57'),
(202, 1, 'Montana Lindgren', 'Est eius ipsum quas. Rerum suscipit esse perspiciatis itaque voluptatem nostrum consectetur. Rerum voluptatem quia consequatur enim.', 5, '2018-11-18 08:06:57', '2018-11-18 08:06:57'),
(203, 33, 'Shaniya Anderson', 'Ratione voluptatem libero id dolorum. Et qui cum modi sunt vero. Rem voluptas est et. Nobis qui nisi rerum est cum.', 4, '2018-11-18 08:06:57', '2018-11-18 08:06:57'),
(204, 33, 'Buck Wisoky', 'Eos debitis voluptatem omnis dolorum doloribus voluptate incidunt. Architecto libero et et culpa placeat nostrum et repudiandae. Ut voluptatibus praesentium dolores.', 1, '2018-11-18 08:06:57', '2018-11-18 08:06:57'),
(205, 38, 'Sabryna Dicki', 'Sit et quae dolor sit sit quis ut. Aut in placeat facere qui architecto nisi. Cumque inventore voluptatibus soluta suscipit illum placeat ducimus. Et voluptate velit fuga est dicta.', 3, '2018-11-18 08:06:57', '2018-11-18 08:06:57'),
(206, 10, 'Loren Swift', 'In eos et odio unde a odio cum. Saepe quasi velit eos.', 2, '2018-11-18 08:06:57', '2018-11-18 08:06:57');
INSERT INTO `reviews` (`id`, `product_id`, `customer`, `review`, `star`, `created_at`, `updated_at`) VALUES
(207, 6, 'Gisselle Leuschke', 'Quia nobis tempore accusamus autem at. Quas et similique voluptatem voluptate. Corrupti iste voluptates enim ut quae suscipit. Eum aperiam et quo sapiente voluptatem molestias.', 4, '2018-11-18 08:06:57', '2018-11-18 08:06:57'),
(208, 26, 'Mr. Grady Hill IV', 'Facere laborum dolor quae laudantium architecto autem. Dolores ex aut labore delectus non dolores. Accusamus quidem omnis voluptas optio.', 3, '2018-11-18 08:06:57', '2018-11-18 08:06:57'),
(209, 32, 'Elton Batz', 'Iusto veniam fuga qui dolore eius hic fugiat. Et doloribus sint adipisci unde odio vel facere. Quis dolorem blanditiis non rerum nam ullam aliquid adipisci. Quis at est ad ut. Voluptatem veniam vel ipsam veniam.', 4, '2018-11-18 08:06:57', '2018-11-18 08:06:57'),
(210, 7, 'Prof. Chaim Lockman III', 'Atque doloribus illum est doloribus voluptas et. Nam maxime sapiente tenetur ipsa quos doloremque. Fugit possimus sint debitis est ut. Quas molestiae est est dignissimos atque libero.', 5, '2018-11-18 08:06:57', '2018-11-18 08:06:57'),
(211, 1, 'Humberto Pacocha', 'Officiis et impedit qui cumque mollitia facere. Cumque dicta consequatur aut optio. Recusandae ducimus laborum molestias eos et dolorum dolores. Quia eos deleniti animi ducimus aut ea.', 1, '2018-11-18 08:06:57', '2018-11-18 08:06:57'),
(212, 31, 'Alyce Kohler III', 'Blanditiis quam voluptas voluptas qui accusantium voluptas consectetur. Sequi qui illo culpa dolore. Hic veritatis non non ut. Atque vero qui sapiente reiciendis et.', 2, '2018-11-18 08:06:57', '2018-11-18 08:06:57'),
(213, 43, 'Prof. Gabe Kohler', 'Distinctio qui aut voluptatem at voluptas non animi minus. Perspiciatis sed facere rerum aliquid quo ut. Autem sit perferendis dolore voluptas perspiciatis corporis. Quibusdam provident temporibus ut perferendis.', 1, '2018-11-18 08:06:57', '2018-11-18 08:06:57'),
(214, 21, 'Jairo White', 'Ipsam eos dolor quaerat delectus numquam. Cupiditate eum eos non. Adipisci dolorem optio quo quidem aut fuga architecto.', 5, '2018-11-18 08:06:57', '2018-11-18 08:06:57'),
(215, 34, 'Dr. Dawn Romaguera DDS', 'Vero voluptate voluptatem impedit dignissimos. Eligendi vel molestiae id qui dignissimos aut dolores. Est asperiores facilis velit autem ab.', 1, '2018-11-18 08:06:57', '2018-11-18 08:06:57'),
(216, 50, 'Damion Daugherty', 'Placeat provident officia quo eum nulla nihil. Animi ab laboriosam sed. Aut pariatur facilis itaque ratione voluptatem natus ab qui. Tempora optio officia quas autem blanditiis et voluptate.', 2, '2018-11-18 08:06:57', '2018-11-18 08:06:57'),
(217, 13, 'Lolita Sanford', 'Eaque et voluptatem quam necessitatibus totam cupiditate. Alias laudantium molestias amet illum. Qui maxime quis maxime est voluptatem error. Laudantium quos blanditiis aut adipisci dolore a.', 1, '2018-11-18 08:06:57', '2018-11-18 08:06:57'),
(218, 23, 'Sienna Murphy', 'Suscipit sed hic vitae debitis voluptas dignissimos similique. Et tempora itaque corporis. Dicta dolores ea qui omnis ut eos rerum.', 1, '2018-11-18 08:06:57', '2018-11-18 08:06:57'),
(219, 28, 'Benedict Willms', 'Quos sed asperiores reiciendis amet inventore dolores facere. Dolor harum magni harum minus ab voluptatem suscipit. Aut velit et assumenda dolorum. Aut dolor voluptatem incidunt necessitatibus ad tempora consequuntur. Aliquid deserunt ad praesentium voluptas a vel enim.', 5, '2018-11-18 08:06:57', '2018-11-18 08:06:57'),
(220, 48, 'Bradly Schmeler', 'Ratione beatae natus deleniti et. Error repellat nemo ut harum aut omnis culpa explicabo. Ullam aut deserunt odio earum nihil. Quod ut vero quas eligendi.', 3, '2018-11-18 08:06:57', '2018-11-18 08:06:57'),
(221, 38, 'Dr. Hester Walker I', 'Et sit nemo soluta quam vel consectetur. Accusamus nulla in nemo in delectus autem dolore. Voluptatibus similique neque ut ut sunt odio. Veniam iusto earum quia facilis dolore aspernatur.', 1, '2018-11-18 08:06:57', '2018-11-18 08:06:57'),
(222, 17, 'Lilly Renner', 'Id laborum dolores repellat accusamus id. Voluptatem dolor ut porro sed. Blanditiis reiciendis adipisci debitis laboriosam enim ea alias ut.', 3, '2018-11-18 08:06:57', '2018-11-18 08:06:57'),
(223, 38, 'Cali Krajcik', 'Illum voluptas est qui dolor. Veniam assumenda numquam omnis est. Voluptatem ut voluptate veritatis animi voluptas.', 2, '2018-11-18 08:06:57', '2018-11-18 08:06:57'),
(224, 43, 'Emmet Senger', 'Nostrum ea quis voluptatem porro. Eum at voluptas labore doloribus omnis ut.', 5, '2018-11-18 08:06:57', '2018-11-18 08:06:57'),
(225, 38, 'Miss Dandre Spencer', 'Aut sed dolor placeat assumenda et. Labore voluptatem et voluptatem ea beatae. Nulla praesentium distinctio unde saepe. Quaerat at exercitationem laboriosam vitae officiis.', 4, '2018-11-18 08:06:57', '2018-11-18 08:06:57'),
(226, 45, 'Ludie Rice', 'Dignissimos consequatur rerum earum ut ea et odit. Eligendi tempora ut tenetur impedit. Optio nulla fuga ipsa quis voluptates quae similique.', 1, '2018-11-18 08:06:57', '2018-11-18 08:06:57'),
(227, 21, 'Dr. Bennie Waelchi', 'Mollitia illum beatae nam voluptates at. Dolore nulla occaecati explicabo aliquid. Autem tempora repudiandae est libero eius. Distinctio vel odit qui.', 1, '2018-11-18 08:06:57', '2018-11-18 08:06:57'),
(228, 36, 'Brody Trantow Sr.', 'Qui rerum est nemo fugit. Odio necessitatibus quis quasi voluptatem sit adipisci. Sit ullam molestias eveniet neque ratione qui corrupti. Ea nam aspernatur ullam iure. Doloribus asperiores nulla explicabo et quis.', 2, '2018-11-18 08:06:57', '2018-11-18 08:06:57'),
(229, 31, 'Bradford Greenholt', 'Voluptatem provident veritatis iure non qui. Reiciendis laudantium ab aspernatur consectetur. Quo assumenda voluptatem enim neque reprehenderit.', 4, '2018-11-18 08:06:57', '2018-11-18 08:06:57'),
(230, 4, 'Dr. Kailey Goyette III', 'Sunt veniam id corporis ut nesciunt quod. Error et est dolore ex laboriosam. Quia aspernatur deleniti et debitis.', 5, '2018-11-18 08:06:57', '2018-11-18 08:06:57'),
(231, 25, 'Vena Hauck', 'Molestias quia laboriosam maxime incidunt ad. Aut unde non nihil dolorum repellat. Similique explicabo recusandae est soluta velit dolorem odit.', 3, '2018-11-18 08:06:57', '2018-11-18 08:06:57'),
(232, 1, 'Eugenia Mraz', 'Enim et aut nulla veritatis deserunt. Voluptate voluptate assumenda dolor quo ut ea libero omnis. Dolores sunt et debitis. Veritatis ad enim aut sed labore.', 2, '2018-11-18 08:06:57', '2018-11-18 08:06:57'),
(233, 2, 'Chet Wolf', 'Itaque quod vitae id nulla sint eum laborum. Rerum quis quis cumque nemo doloribus necessitatibus numquam. Officiis id amet autem iure.', 1, '2018-11-18 08:06:57', '2018-11-18 08:06:57'),
(234, 41, 'Myriam Ratke', 'Voluptate hic sed quibusdam minima impedit consequuntur eos. Aut nisi perferendis eligendi ut commodi in qui.', 5, '2018-11-18 08:06:57', '2018-11-18 08:06:57'),
(235, 48, 'Chase Mills', 'Maiores nihil veniam omnis. Rerum illum aut ipsa deleniti temporibus ipsam nemo. Illum ipsam aut totam est illum corporis.', 3, '2018-11-18 08:06:57', '2018-11-18 08:06:57'),
(236, 40, 'Urban Zieme', 'Et non eveniet a magnam et dolorem. Similique quia architecto accusantium id sunt sint hic. Optio ipsa occaecati ea voluptatum assumenda similique. Adipisci doloremque sunt veniam nemo nostrum vel architecto.', 1, '2018-11-18 08:06:57', '2018-11-18 08:06:57'),
(237, 5, 'Curtis Kub', 'Quae deleniti aspernatur rerum veniam fuga. Qui incidunt qui fuga iste quidem libero. Ut nostrum laudantium sed facilis facere quia odio necessitatibus.', 5, '2018-11-18 08:06:57', '2018-11-18 08:06:57'),
(238, 30, 'Dr. Wanda Stamm Sr.', 'Rerum odit officia unde rerum nemo et. Voluptatibus officiis adipisci minus nisi. Sed molestiae facere enim sequi rerum. Est omnis fuga velit ab nostrum officia.', 2, '2018-11-18 08:06:57', '2018-11-18 08:06:57'),
(239, 11, 'Mrs. Hermina Dicki Sr.', 'Consequatur quia autem et similique. Eveniet laborum tempora vel praesentium totam a deleniti. Veniam incidunt reiciendis ex sed vel. Sit ipsum fugit nobis quos in.', 5, '2018-11-18 08:06:57', '2018-11-18 08:06:57'),
(240, 20, 'Rhiannon Abshire', 'Molestiae dolorum natus voluptas laudantium quis et odit. Consequatur vel laboriosam eos. Consectetur totam at quibusdam. Laboriosam exercitationem a eius eius.', 1, '2018-11-18 08:06:57', '2018-11-18 08:06:57'),
(241, 17, 'Prof. Trenton Jast DDS', 'Nemo doloremque voluptate beatae molestiae ea. Et saepe et ullam et ad dolor nostrum. Cumque qui quia maxime voluptates sint. Aspernatur nemo nesciunt ut qui aut.', 2, '2018-11-18 08:06:57', '2018-11-18 08:06:57'),
(242, 15, 'Prof. Celia Kuvalis PhD', 'Sit magni sint reprehenderit minima. Vitae dignissimos aut aspernatur doloremque ducimus assumenda. Non voluptatem maiores officiis delectus est earum.', 1, '2018-11-18 08:06:57', '2018-11-18 08:06:57'),
(243, 34, 'Ms. Bailee Murazik', 'Earum quis quod adipisci veniam tempore omnis. Non vel voluptatum itaque natus.', 1, '2018-11-18 08:06:57', '2018-11-18 08:06:57'),
(244, 40, 'Jimmie Pollich', 'Repellendus voluptas placeat quae. Recusandae rem similique molestias velit non impedit. Aliquam beatae qui porro aliquam.', 4, '2018-11-18 08:06:57', '2018-11-18 08:06:57'),
(245, 10, 'Shyann Reichert', 'Tempore vel est consequatur maxime. Enim et voluptatem atque omnis. Fuga ex eveniet porro est et libero. Impedit praesentium quo reprehenderit corporis et temporibus.', 2, '2018-11-18 08:06:57', '2018-11-18 08:06:57'),
(246, 37, 'Miss Zoe Johnson', 'Voluptas at eveniet dolor fuga possimus earum at. Sunt quis eligendi aliquam aut eaque. Doloribus commodi dolorem dolores recusandae delectus similique quidem.', 3, '2018-11-18 08:06:57', '2018-11-18 08:06:57'),
(247, 27, 'Delta Funk', 'Ipsam numquam placeat est voluptatem quae recusandae enim. Consequatur voluptatum dolores harum ab. Rerum illo iusto temporibus asperiores.', 5, '2018-11-18 08:06:57', '2018-11-18 08:06:57'),
(248, 6, 'Dr. Aditya Keeling', 'Ut asperiores accusantium quia est sed at exercitationem qui. Exercitationem ipsum et in. Unde dolorum ad possimus sint repudiandae. Velit voluptatum non in nostrum facere sapiente. Laboriosam totam qui a.', 1, '2018-11-18 08:06:57', '2018-11-18 08:06:57'),
(249, 12, 'Gordon Hand', 'Sed maiores non molestias eum et sed. Aperiam repellat qui voluptas deserunt officiis enim. Corporis quisquam repudiandae quos. Est excepturi beatae sit fugit adipisci voluptatibus.', 4, '2018-11-18 08:06:57', '2018-11-18 08:06:57'),
(250, 31, 'Crawford Huels', 'Laudantium assumenda beatae ad sit ullam. Ea aspernatur nemo nam qui vero. Omnis deserunt est veniam consequuntur qui ut.', 2, '2018-11-18 08:06:57', '2018-11-18 08:06:57'),
(251, 44, 'Mallory Witting', 'Debitis quo odit et voluptatem qui nostrum. Et similique et non rerum ad est omnis atque. Vitae consequuntur velit eum dignissimos voluptas reiciendis.', 4, '2018-11-18 08:06:57', '2018-11-18 08:06:57'),
(252, 12, 'Henriette Kuphal IV', 'Nihil cum non quam dicta eaque impedit. Praesentium vitae praesentium omnis doloremque. Recusandae qui sunt numquam laboriosam hic voluptas molestiae eius. In harum sit repellat temporibus iusto beatae modi.', 2, '2018-11-18 08:06:57', '2018-11-18 08:06:57'),
(253, 43, 'Dr. Cassandra Skiles', 'Expedita sunt velit voluptatibus harum accusantium. Maiores blanditiis nemo pariatur aut earum reiciendis.', 5, '2018-11-18 08:06:57', '2018-11-18 08:06:57'),
(254, 42, 'Axel Frami', 'Minus fuga accusamus distinctio impedit repudiandae ratione omnis asperiores. Non aut aspernatur incidunt doloribus delectus iusto explicabo. Voluptatem sit eveniet voluptatum dolorum minus.', 4, '2018-11-18 08:06:57', '2018-11-18 08:06:57'),
(255, 30, 'Freddie Zieme', 'Illo in eius consequatur voluptas. Nemo occaecati qui corrupti est. Optio omnis aut aspernatur. Aliquam voluptatem praesentium placeat voluptatem voluptas est et. Voluptatum et sequi perferendis est non.', 5, '2018-11-18 08:06:57', '2018-11-18 08:06:57'),
(256, 46, 'Dana Mosciski Jr.', 'Rerum inventore rem voluptatem numquam non. Quas dignissimos eos rem saepe magni beatae aut. Excepturi ea corporis ullam aspernatur reprehenderit quo.', 2, '2018-11-18 08:06:57', '2018-11-18 08:06:57'),
(257, 26, 'Carlotta Stokes', 'Ut et nihil quam quis est deserunt. Quia vel reiciendis blanditiis. Maiores odio est ea dicta ipsum.', 5, '2018-11-18 08:06:57', '2018-11-18 08:06:57'),
(258, 5, 'Randal Kohler Jr.', 'Quaerat commodi aut molestias saepe sit sapiente itaque. In assumenda temporibus iste est cumque ipsa repellendus. Excepturi sequi incidunt accusantium facilis porro. Animi in dolorem possimus quisquam.', 1, '2018-11-18 08:06:57', '2018-11-18 08:06:57'),
(259, 36, 'Urban Bernier', 'Illum ea dolor saepe doloribus. Consequatur aut quo blanditiis molestiae. Minima vero vel ut.', 3, '2018-11-18 08:06:57', '2018-11-18 08:06:57'),
(260, 50, 'Ms. Shemar Gusikowski', 'Dolores sit non unde consequatur. Deleniti ratione qui quis assumenda aut. Aliquam mollitia libero quasi impedit ex eius recusandae.', 5, '2018-11-18 08:06:57', '2018-11-18 08:06:57'),
(261, 44, 'Aiyana Spinka', 'Labore non cum iusto minus. Non et qui esse exercitationem nisi. Ut inventore debitis maiores incidunt aut.', 2, '2018-11-18 08:06:57', '2018-11-18 08:06:57'),
(262, 38, 'Karlie Skiles', 'Quia asperiores est distinctio error error cum. Et earum et quia commodi sit. Nulla sunt deleniti nulla nesciunt commodi quod.', 5, '2018-11-18 08:06:57', '2018-11-18 08:06:57'),
(263, 35, 'Mr. Gennaro Littel', 'Molestiae est repudiandae est voluptas iusto. Qui aspernatur qui voluptates soluta voluptatem quia ea blanditiis. Molestiae et quos distinctio autem dolores voluptatem.', 5, '2018-11-18 08:06:57', '2018-11-18 08:06:57'),
(264, 9, 'Leonel Herman', 'Ut quia vel praesentium. Tempore aspernatur error libero recusandae. Doloremque fugiat veritatis aliquam omnis eum ea. Non distinctio quae qui non in voluptatum.', 2, '2018-11-18 08:06:57', '2018-11-18 08:06:57'),
(265, 41, 'Myriam White', 'Qui nemo illo optio nam cum debitis. Nemo id et et illum aperiam ad esse. Molestias est enim in et vitae voluptas rerum.', 3, '2018-11-18 08:06:58', '2018-11-18 08:06:58'),
(266, 26, 'Mr. Herman McDermott', 'Commodi aut a minus saepe praesentium aperiam. Itaque labore ex alias dolor libero quo. Assumenda id non quis vel molestias.', 5, '2018-11-18 08:06:58', '2018-11-18 08:06:58'),
(267, 11, 'General Rempel', 'Asperiores quos debitis expedita similique deserunt nulla quasi aut. Itaque ipsam sint id officia. Facere cum ratione sunt quidem ut sint aut.', 5, '2018-11-18 08:06:58', '2018-11-18 08:06:58'),
(268, 3, 'Mr. Alfred Lubowitz', 'Delectus est iure est sequi qui quo et voluptatem. Qui nihil quia vel est quisquam omnis. Eos qui et unde natus qui minus quasi. Iure non doloremque sed perspiciatis omnis aliquid veniam.', 1, '2018-11-18 08:06:58', '2018-11-18 08:06:58'),
(269, 49, 'Dr. Gus Klocko', 'Eos eos inventore possimus. Reiciendis omnis tempore consequatur voluptas fugit voluptate inventore. Eum eum recusandae aliquam et quo magni ipsam nulla. Eos maiores nihil officia quasi et reiciendis.', 5, '2018-11-18 08:06:58', '2018-11-18 08:06:58'),
(270, 10, 'Oceane McKenzie', 'Nihil accusamus sed rerum voluptate hic laborum repellat placeat. Tempore dignissimos dignissimos aut veritatis rerum.', 3, '2018-11-18 08:06:58', '2018-11-18 08:06:58'),
(271, 40, 'Ms. Susan Spinka DDS', 'Assumenda est facilis tempora molestiae. Autem velit tenetur maiores iusto. Id mollitia possimus nihil quasi eligendi ipsam.', 2, '2018-11-18 08:06:58', '2018-11-18 08:06:58'),
(272, 32, 'Flavie Beer', 'Tempore ut laudantium suscipit possimus quaerat. Ipsum vel voluptas est omnis aliquid voluptas dolores dicta. Aut optio atque aut libero recusandae ut perspiciatis labore. Rerum est asperiores voluptatum ex.', 4, '2018-11-18 08:06:58', '2018-11-18 08:06:58'),
(273, 19, 'Arnulfo Hodkiewicz', 'Qui aspernatur aut quasi doloremque dolorem. Autem qui sit in qui. Non officiis aperiam magni ex error quasi. Necessitatibus quasi eaque laudantium. Cupiditate nobis expedita qui qui.', 3, '2018-11-18 08:06:58', '2018-11-18 08:06:58'),
(274, 17, 'Prof. Travon Hodkiewicz II', 'Iusto cupiditate magni consequatur blanditiis a dolorem. Nulla eum optio nihil est voluptatum. Nisi sint beatae consectetur. Non accusamus inventore quis necessitatibus. Et autem hic ut sequi quis.', 4, '2018-11-18 08:06:58', '2018-11-18 08:06:58'),
(275, 4, 'Sabrina Sipes', 'Pariatur dolorum temporibus quae. Incidunt qui minus iure molestias culpa et. Minus doloribus ullam non at aut molestias culpa.', 4, '2018-11-18 08:06:58', '2018-11-18 08:06:58'),
(276, 19, 'Narciso Schaden', 'Cum molestiae facere inventore. Quasi necessitatibus perferendis optio corrupti. Suscipit quia quod optio architecto facilis perspiciatis.', 2, '2018-11-18 08:06:58', '2018-11-18 08:06:58'),
(277, 35, 'Ms. Amira Aufderhar', 'Fuga aut ut similique reiciendis quia deleniti. Voluptatum et molestiae tempora impedit itaque qui. Est quod aut iure sit et. Laborum et minima odit eum enim.', 2, '2018-11-18 08:06:58', '2018-11-18 08:06:58'),
(278, 25, 'Maxine Brown MD', 'Numquam harum voluptates sit iure nulla. Nobis ea amet velit enim quidem nisi earum. Distinctio quia omnis ab velit quia odit doloribus. Eos sunt dolorum atque.', 2, '2018-11-18 08:06:58', '2018-11-18 08:06:58'),
(279, 11, 'Aryanna Howe', 'Quia iste beatae ex ut et. Perspiciatis molestiae id rerum natus asperiores vitae quae. Quasi aut dolor incidunt in sed enim non maiores.', 5, '2018-11-18 08:06:58', '2018-11-18 08:06:58'),
(280, 20, 'Kaia Mosciski', 'Doloribus est labore ullam id et vel repudiandae. Soluta provident laboriosam et aliquam in. Ut aut ut harum voluptas dignissimos perspiciatis.', 5, '2018-11-18 08:06:58', '2018-11-18 08:06:58'),
(281, 39, 'Jarred Boyer III', 'Doloribus ut et optio reprehenderit. Soluta itaque odio sit aut enim. Sunt quibusdam consequuntur expedita numquam eius illum quis. Voluptatem atque rerum deserunt ut.', 3, '2018-11-18 08:06:58', '2018-11-18 08:06:58'),
(282, 27, 'Frankie West', 'Officiis omnis omnis est non voluptatem nostrum consequatur inventore. Sed recusandae corrupti velit repellat. Libero esse libero ut enim. Atque natus impedit quo.', 3, '2018-11-18 08:06:58', '2018-11-18 08:06:58'),
(283, 39, 'Mrs. Annie Block MD', 'Deleniti recusandae eos animi officia est vel vel. Ut aut qui deleniti eum porro optio ab doloremque. Aut ex omnis alias est molestias doloribus.', 3, '2018-11-18 08:06:58', '2018-11-18 08:06:58'),
(284, 6, 'Forrest Terry', 'Minima aut quia itaque molestiae reprehenderit doloremque. Enim est ipsum id. Sit natus libero consequatur aliquid nisi odit.', 1, '2018-11-18 08:06:58', '2018-11-18 08:06:58'),
(285, 38, 'Dr. Polly Hodkiewicz', 'Quia et dolorem non delectus inventore. Qui quia quia magnam facere non animi. At iure quod et recusandae. Quam consequatur placeat quia voluptatem minima ea commodi et.', 5, '2018-11-18 08:06:58', '2018-11-18 08:06:58'),
(286, 2, 'Lurline D\'Amore', 'Pariatur repellat rerum debitis in atque aut fugiat. Vel quo quisquam ipsam alias ut fuga aut.', 1, '2018-11-18 08:06:58', '2018-11-18 08:06:58'),
(287, 45, 'Selina Gorczany', 'Est cum nihil minus magni qui est exercitationem. Quia sit praesentium et temporibus. Magni ab impedit dolore.', 1, '2018-11-18 08:06:58', '2018-11-18 08:06:58'),
(288, 35, 'Mr. Brad Wunsch', 'Consequuntur sit omnis et corporis vero maiores facilis. Qui eligendi aliquid quis omnis. Facilis laboriosam occaecati dolore impedit alias ducimus earum.', 2, '2018-11-18 08:06:58', '2018-11-18 08:06:58'),
(289, 49, 'Dr. Dalton Trantow IV', 'Magnam consequatur fugit molestias minus placeat blanditiis. Maiores facere perferendis laborum libero quasi non laudantium.', 1, '2018-11-18 08:06:58', '2018-11-18 08:06:58'),
(290, 16, 'Myah Effertz', 'Natus ut aut doloribus hic culpa. Eos vitae eum recusandae fugiat harum. Consequuntur enim non dolore modi qui. Unde officiis facere error ea.', 1, '2018-11-18 08:06:58', '2018-11-18 08:06:58'),
(291, 5, 'Prof. Royal Walter', 'Earum animi quis est aperiam deserunt placeat. Occaecati facilis laboriosam voluptate facere. Laboriosam harum enim aliquam quidem deleniti quis. Vel est commodi molestiae fuga est.', 2, '2018-11-18 08:06:58', '2018-11-18 08:06:58'),
(292, 13, 'Vladimir Abshire', 'Fuga sed sed sit et nam. Adipisci temporibus consectetur molestiae et in unde vel neque. Fugiat autem qui commodi sed nisi ut exercitationem.', 4, '2018-11-18 08:06:58', '2018-11-18 08:06:58'),
(293, 45, 'Reymundo Yost', 'Tempora rerum quae veniam deleniti ea. Eos dicta assumenda est omnis eaque consequuntur. Molestiae et eum possimus consequatur omnis dolor.', 2, '2018-11-18 08:06:58', '2018-11-18 08:06:58'),
(294, 27, 'Ms. Elmira Cremin MD', 'Cum quis tempora molestiae molestiae sint quas. Rerum ex voluptatem odit et qui eveniet. Ut recusandae quia at ipsum est omnis aliquid.', 3, '2018-11-18 08:06:58', '2018-11-18 08:06:58'),
(295, 6, 'Antonio Bahringer I', 'Officiis necessitatibus corrupti nesciunt blanditiis optio voluptas ad tempora. Ullam facere consequatur consequatur nam asperiores corporis nihil. Maxime in assumenda nam et qui velit. Iure fuga in autem modi ut quia odit.', 1, '2018-11-18 08:06:58', '2018-11-18 08:06:58'),
(296, 9, 'Tyrel Weimann', 'Assumenda modi ex sit amet tempora molestias. Ipsam doloribus doloribus error quas numquam possimus. Soluta praesentium ipsum atque assumenda qui.', 1, '2018-11-18 08:06:58', '2018-11-18 08:06:58'),
(297, 49, 'Consuelo Gleichner', 'Magnam illo enim odio et mollitia eaque aut. Rerum occaecati sapiente nihil id. Quos accusantium totam eaque et ut inventore ex. Eveniet cupiditate ea corporis sit velit et.', 3, '2018-11-18 08:06:58', '2018-11-18 08:06:58'),
(298, 38, 'Macey Greenholt', 'Molestiae non laborum corrupti totam. Cupiditate repellat tempore in sapiente et. Dolorem qui quod quaerat accusantium non vel facere.', 5, '2018-11-18 08:06:58', '2018-11-18 08:06:58'),
(299, 24, 'Maureen Hayes', 'Dignissimos sit sit quia velit maiores. Placeat doloremque et ut quia dignissimos sed cupiditate aliquid. Qui possimus cum pariatur quia omnis.', 5, '2018-11-18 08:06:58', '2018-11-18 08:06:58'),
(300, 36, 'Ethel Hintz DDS', 'Ut iste voluptate cupiditate quae rerum ducimus. Aut inventore assumenda dolor voluptas quia iusto. Deserunt dolorem ad animi cupiditate dolore laboriosam. Qui adipisci qui velit asperiores. Enim impedit voluptatem quia autem commodi quia numquam.', 1, '2018-11-18 08:06:58', '2018-11-18 08:06:58');

-- --------------------------------------------------------

--
-- Structure de la table `users`
--

CREATE TABLE `users` (
  `id` int(10) UNSIGNED NOT NULL,
  `name` varchar(255) COLLATE utf8mb4_unicode_ci NOT NULL,
  `email` varchar(255) COLLATE utf8mb4_unicode_ci NOT NULL,
  `email_verified_at` timestamp NULL DEFAULT NULL,
  `password` varchar(255) COLLATE utf8mb4_unicode_ci NOT NULL,
  `remember_token` varchar(100) COLLATE utf8mb4_unicode_ci DEFAULT NULL,
  `created_at` timestamp NULL DEFAULT NULL,
  `updated_at` timestamp NULL DEFAULT NULL
) ENGINE=InnoDB DEFAULT CHARSET=utf8mb4 COLLATE=utf8mb4_unicode_ci;

--
-- Index pour les tables déchargées
--

--
-- Index pour la table `migrations`
--
ALTER TABLE `migrations`
  ADD PRIMARY KEY (`id`);

--
-- Index pour la table `products`
--
ALTER TABLE `products`
  ADD PRIMARY KEY (`id`);

--
-- Index pour la table `reviews`
--
ALTER TABLE `reviews`
  ADD PRIMARY KEY (`id`),
  ADD KEY `reviews_product_id_foreign` (`product_id`);

--
-- Index pour la table `users`
--
ALTER TABLE `users`
  ADD PRIMARY KEY (`id`);

--
-- AUTO_INCREMENT pour les tables déchargées
--

--
-- AUTO_INCREMENT pour la table `migrations`
--
ALTER TABLE `migrations`
  MODIFY `id` int(10) UNSIGNED NOT NULL AUTO_INCREMENT, AUTO_INCREMENT=5;

--
-- AUTO_INCREMENT pour la table `products`
--
ALTER TABLE `products`
  MODIFY `id` int(10) UNSIGNED NOT NULL AUTO_INCREMENT, AUTO_INCREMENT=51;

--
-- AUTO_INCREMENT pour la table `reviews`
--
ALTER TABLE `reviews`
  MODIFY `id` int(10) UNSIGNED NOT NULL AUTO_INCREMENT, AUTO_INCREMENT=301;

--
-- AUTO_INCREMENT pour la table `users`
--
ALTER TABLE `users`
  MODIFY `id` int(10) UNSIGNED NOT NULL AUTO_INCREMENT;

--
-- Contraintes pour les tables déchargées
--

--
-- Contraintes pour la table `reviews`
--
ALTER TABLE `reviews`
  ADD CONSTRAINT `reviews_product_id_foreign` FOREIGN KEY (`product_id`) REFERENCES `products` (`id`) ON DELETE CASCADE;
COMMIT;

/*!40101 SET CHARACTER_SET_CLIENT=@OLD_CHARACTER_SET_CLIENT */;
/*!40101 SET CHARACTER_SET_RESULTS=@OLD_CHARACTER_SET_RESULTS */;
/*!40101 SET COLLATION_CONNECTION=@OLD_COLLATION_CONNECTION */;